# https://github.com/mikedh/trimesh

o geometry_0
v -10.96615157 -4.19744696 -6.69099087 0.54509804 0.71372549 0.60000000
v -10.07734421 -2.30513702 -7.07193967 0.54509804 0.71372549 0.60000000
v -11.66789451 -2.41570412 -6.87412950 0.54509804 0.71372549 0.60000000
v -11.48558146 -11.20809233 -6.78331909 0.54509804 0.71372549 0.60000000
v -10.07734421 -7.86804431 -7.07193967 0.54509804 0.71372549 0.60000000
v -10.42721598 -0.44507603 -7.62059668 0.54509804 0.71372549 0.60000000
v -9.77949187 -9.20521551 -7.52573861 0.54509804 0.71372549 0.60000000
v -9.71697003 -3.75287511 -7.73771408 0.54509804 0.71372549 0.60000000
v -12.24234295 -3.25186797 -7.58265379 0.54509804 0.71372549 0.60000000
v -12.13580610 -3.52943744 -7.34563561 0.54509804 0.71372549 0.60000000
v -11.75817619 -5.31118029 -6.93256208 0.54509804 0.71372549 0.60000000
v -11.66789451 -4.47616817 -6.87412950 0.54509804 0.71372549 0.60000000
v -11.83170158 -10.26251334 -6.98821170 0.54509804 0.71372549 0.60000000
v -11.94373977 -12.21125835 -7.09217582 0.54509804 0.71372549 0.60000000
v -10.05833794 -12.11681563 -7.28340934 0.54509804 0.71372549 0.60000000
v -10.03658058 -2.19456993 -8.88738982 0.54509804 0.71372549 0.60000000
v -12.00801216 -3.18506702 -8.23982795 0.54509804 0.71372549 0.60000000
v -9.93329510 -6.86948525 -8.75964855 0.54509804 0.71372549 0.60000000
v -9.69096074 -6.53432875 -7.96006116 0.54509804 0.71372549 0.60000000
v -9.69096074 -4.08687987 -7.96006116 0.54509804 0.71372549 0.60000000
v -12.15681347 -8.31376833 -8.61344120 0.54509804 0.71372549 0.60000000
v -12.24534461 -11.37624645 -8.40450051 0.54509804 0.71372549 0.60000000
v -12.24234295 -6.53432875 -7.58265379 0.54509804 0.71372549 0.60000000
v -12.09979382 -8.20204949 -7.29023910 0.54509804 0.71372549 0.60000000
v -11.99925944 -9.98494387 -7.15339091 0.54509804 0.71372549 0.60000000
v -11.67739807 -10.20722979 -9.12187859 0.54509804 0.71372549 0.60000000
v -10.06434041 -6.75661468 -8.91546817 0.54509804 0.71372549 0.60000000
v -9.93329510 -2.97314676 -8.75964855 0.54509804 0.71372549 0.60000000
v -10.57601729 -5.75690388 -9.24026071 0.54509804 0.71372549 0.60000000
v -11.29951760 -5.86747097 -9.27491570 0.54509804 0.71372549 0.60000000
v -11.62162869 -6.31204282 -9.15223324 0.54509804 0.71372549 0.60000000
v -11.86871441 -7.42462420 -8.97921225 0.54509804 0.71372549 0.60000000
f 1 2 3
f 1 3 4
f 1 4 5
f 1 5 2
f 2 6 3
f 2 5 7
f 2 7 8
f 2 8 6
f 3 6 9
f 3 9 10
f 3 10 11
f 3 11 12
f 3 12 4
f 4 13 14
f 4 14 15
f 4 15 5
f 4 12 13
f 5 15 7
f 6 16 17
f 6 17 9
f 6 8 16
f 7 15 18
f 7 18 19
f 7 19 8
f 8 20 16
f 8 19 20
f 9 17 21
f 9 21 22
f 9 22 23
f 9 23 10
f 10 23 24
f 10 24 25
f 10 25 11
f 11 25 13
f 11 13 12
f 13 25 14
f 14 25 24
f 14 24 23
f 14 23 22
f 14 22 15
f 15 22 26
f 15 26 27
f 15 27 18
f 16 28 18
f 16 18 27
f 16 27 29
f 16 29 30
f 16 30 17
f 16 20 28
f 17 30 31
f 17 31 32
f 17 32 21
f 18 28 20
f 18 20 19
f 21 32 26
f 21 26 22
f 26 32 31
f 26 31 30
f 26 30 29
f 26 29 27

o geometry_1
v 9.69071102 -6.53405738 -7.96006116 0.54117647 0.42352941 0.64313725
v 9.93319827 -6.86868472 -8.75964855 0.54117647 0.42352941 0.64313725
v 9.77963117 -9.20419797 -7.52573861 0.54117647 0.42352941 0.64313725
v 9.71702948 -3.75275641 -7.73771408 0.54117647 0.42352941 0.64313725
v 9.69071102 -4.08623732 -7.96006116 0.54117647 0.42352941 0.64313725
v 10.06453492 -6.75752414 -8.91546817 0.54117647 0.42352941 0.64313725
v 10.05814683 -12.11614123 -7.28340934 0.54117647 0.42352941 0.64313725
v 10.07731023 -7.86912768 -7.07193967 0.54117647 0.42352941 0.64313725
v 10.07731023 -2.30537952 -7.07193967 0.54117647 0.42352941 0.64313725
v 10.80375020 -0.50389422 -7.32287005 0.54117647 0.42352941 0.64313725
v 10.57582703 -5.75593496 -9.24026071 0.54117647 0.42352941 0.64313725
v 11.67736749 -10.20693336 -9.12187859 0.54117647 0.42352941 0.64313725
v 11.94361831 -12.21125835 -7.09217582 0.54117647 0.42352941 0.64313725
v 11.48572925 -11.20852296 -6.78331909 0.54117647 0.42352941 0.64313725
v 12.24538538 -11.37583621 -8.40450051 0.54117647 0.42352941 0.64313725
v 10.96600378 -4.19739770 -6.69099087 0.54117647 0.42352941 0.64313725
v 11.66791320 -2.41653989 -6.87412950 0.54117647 0.42352941 0.64313725
v 12.24231917 -3.25196161 -7.58265379 0.54117647 0.42352941 0.64313725
v 11.81432524 -2.68813790 -8.60231110 0.54117647 0.42352941 0.64313725
v 11.29945560 -5.86709534 -9.27491570 0.54117647 0.42352941 0.64313725
v 11.62166436 -6.31288264 -9.15223324 0.54117647 0.42352941 0.64313725
v 11.86875093 -7.42563239 -8.97921225 0.54117647 0.42352941 0.64313725
v 12.15697570 -8.31376918 -8.61344120 0.54117647 0.42352941 0.64313725
v 12.24231917 -6.53405738 -7.58265379 0.54117647 0.42352941 0.64313725
v 12.09973946 -8.20260923 -7.29023910 0.54117647 0.42352941 0.64313725
v 11.99932145 -9.98461261 -7.15339091 0.54117647 0.42352941 0.64313725
v 11.83170073 -10.26194087 -6.98821170 0.54117647 0.42352941 0.64313725
v 11.66791320 -4.47587175 -6.87412950 0.54117647 0.42352941 0.64313725
v 12.30108851 -4.19739770 -7.84901418 0.54117647 0.42352941 0.64313725
v 12.13576788 -3.52928965 -7.34563561 0.54117647 0.42352941 0.64313725
v 11.75811164 -5.31129346 -6.93256208 0.54117647 0.42352941 0.64313725
v 12.28294690 -3.52928965 -7.73771408 0.54117647 0.42352941 0.64313725
f 33 34 35
f 33 35 36
f 33 36 37
f 33 37 34
f 34 37 38
f 34 38 39
f 34 39 35
f 35 39 40
f 35 40 41
f 35 41 36
f 36 41 42
f 36 42 37
f 37 42 43
f 37 43 38
f 38 44 39
f 38 43 44
f 39 45 46
f 39 46 40
f 39 44 47
f 39 47 45
f 40 46 48
f 40 48 41
f 41 49 42
f 41 48 49
f 42 49 50
f 42 50 51
f 42 51 43
f 43 51 52
f 43 52 44
f 44 52 53
f 44 53 54
f 44 54 55
f 44 55 47
f 45 47 56
f 45 56 57
f 45 57 58
f 45 58 59
f 45 59 46
f 46 59 60
f 46 60 49
f 46 49 48
f 47 55 61
f 47 61 56
f 49 62 50
f 49 60 63
f 49 63 62
f 50 64 51
f 50 62 56
f 50 56 64
f 51 64 61
f 51 61 55
f 51 55 54
f 51 54 53
f 51 53 52
f 56 61 64
f 56 62 57
f 57 62 58
f 58 62 63
f 58 63 59
f 59 63 60

o geometry_2
v -9.20926479 5.05965519 -5.98766640 0.43529412 0.89019608 0.96078431
v -7.77880132 5.05440356 -6.00747022 0.43529412 0.89019608 0.96078431
v -10.37038064 5.06123076 -10.68689016 0.43529412 0.89019608 0.96078431
v -9.44986050 5.01291627 -5.98766640 0.43529412 0.89019608 0.96078431
v -6.05065879 4.56075108 -5.98766640 0.43529412 0.89019608 0.96078431
v -6.05192732 5.04547587 -7.71580553 0.43529412 0.89019608 0.96078431
v -6.05065879 5.01396608 -10.87867364 0.43529412 0.89019608 0.96078431
v -10.37038064 4.98613235 -10.94121248 0.43529412 0.89019608 0.96078431
v -10.37038064 4.54289570 -6.03769704 0.43529412 0.89019608 0.96078431
v -10.37038064 -0.06067540 -5.98766640 0.43529412 0.89019608 0.96078431
v -6.05065879 0.43822828 -5.98766640 0.43529412 0.89019608 0.96078431
v -6.05065879 4.61799411 -11.26953752 0.43529412 0.89019608 0.96078431
v -10.37038064 4.61694345 -11.26953752 0.43529412 0.89019608 0.96078431
v -10.30357204 -0.30382559 -6.89238578 0.43529412 0.89019608 0.96078431
v -8.68283102 -0.05647423 -6.00747022 0.43529412 0.89019608 0.96078431
v -10.37038064 -0.02443932 -10.86460304 0.43529412 0.89019608 0.96078431
v -6.05530992 -0.05910004 -8.68358356 0.43529412 0.89019608 0.96078431
v -6.05065879 -0.03074119 -10.83385514 0.43529412 0.89019608 0.96078431
v -6.05065879 0.47183897 -11.30862451 0.43529412 0.89019608 0.96078431
v -10.37038064 0.48024133 -11.31123036 0.43529412 0.89019608 0.96078431
v -10.12090565 -0.30382559 -7.03153320 0.43529412 0.89019608 0.96078431
v -10.25029470 -0.30382559 -9.06975724 0.43529412 0.89019608 0.96078431
v -10.37038064 0.29485930 -11.22523968 0.43529412 0.89019608 0.96078431
v -6.05065879 0.29275861 -11.22263382 0.43529412 0.89019608 0.96078431
v -9.95177051 -0.30382559 -7.21914800 0.43529412 0.89019608 0.96078431
v -9.81265622 -0.30382559 -7.44949695 0.43529412 0.89019608 0.96078431
v -9.72639714 -0.30382559 -7.70955165 0.43529412 0.89019608 0.96078431
v -9.69087835 -0.30382559 -8.01598853 0.43529412 0.89019608 0.96078431
v -9.71244290 -0.30382559 -8.23747775 0.43529412 0.89019608 0.96078431
v -9.77544634 -0.30382559 -8.46209434 0.43529412 0.89019608 0.96078431
v -9.88157889 -0.30382559 -8.67889336 0.43529412 0.89019608 0.96078431
v -10.05198298 -0.30382559 -8.90142475 0.43529412 0.89019608 0.96078431
f 65 66 67
f 65 67 68
f 65 68 74
f 65 74 75
f 65 75 69
f 65 69 66
f 66 70 67
f 66 69 70
f 67 70 71
f 67 71 72
f 67 72 77
f 67 77 84
f 67 84 87
f 67 87 80
f 67 80 74
f 67 74 73
f 67 73 68
f 68 73 74
f 69 75 82
f 69 82 88
f 69 88 83
f 69 83 76
f 69 76 71
f 69 71 70
f 71 76 72
f 72 76 77
f 74 78 79
f 74 79 75
f 74 80 78
f 75 79 81
f 75 81 82
f 76 83 84
f 76 84 77
f 78 85 79
f 78 80 86
f 78 86 96
f 78 96 95
f 78 95 94
f 78 94 93
f 78 93 92
f 78 92 91
f 78 91 90
f 78 90 89
f 78 89 85
f 79 85 81
f 80 87 88
f 80 88 82
f 80 82 86
f 81 85 89
f 81 89 90
f 81 90 91
f 81 91 92
f 81 92 93
f 81 93 82
f 82 93 94
f 82 94 95
f 82 95 96
f 82 96 86
f 83 88 87
f 83 87 84

o geometry_3
v -12.26738226 -0.30225214 8.27907971 0.38039216 0.78823529 0.52549020
v -11.06601749 -0.30225214 9.26966831 0.38039216 0.78823529 0.52549020
v -9.71785337 -0.30225214 8.18269363 0.38039216 0.78823529 0.52549020
v -11.38158846 -0.31611039 6.76437865 0.38039216 0.78823529 0.52549020
v -12.12707292 -0.58634602 7.37531161 0.38039216 0.78823529 0.52549020
v -12.21270601 -2.77928317 7.85012685 0.38039216 0.78823529 0.52549020
v -12.24541171 -1.80253435 8.40440539 0.38039216 0.78823529 0.52549020
v -12.02720869 -0.69028253 8.77621289 0.38039216 0.78823529 0.52549020
v -10.05339633 -0.55298355 8.88265461 0.38039216 0.78823529 0.52549020
v -11.67743544 -1.41347728 9.12177837 0.38039216 0.78823529 0.52549020
v -11.58855607 -2.78800871 9.05556008 0.38039216 0.78823529 0.52549020
v -10.71998911 -2.79314143 9.13673910 0.38039216 0.78823529 0.52549020
v -10.06438203 -1.85822389 8.91551828 0.38039216 0.78823529 0.52549020
v -9.79300104 -2.81367210 7.98747021 0.38039216 0.78823529 0.52549020
v -9.71710423 -2.19210465 7.73755440 0.38039216 0.78823529 0.52549020
v -9.77951990 -1.19071890 7.52565283 0.38039216 0.78823529 0.52549020
v -9.97250694 -0.53758560 7.22864816 0.38039216 0.78823529 0.52549020
v -10.56120519 -0.31611039 6.80288382 0.38039216 0.78823529 0.52549020
v -10.86054732 -2.79724758 6.82225914 0.38039216 0.78823529 0.52549020
v -11.48569612 -1.74658808 6.78350850 0.38039216 0.78823529 0.52549020
v -11.70240086 -1.30184148 6.89411891 0.38039216 0.78823529 0.52549020
v -11.99924670 -1.41347728 7.15359986 0.38039216 0.78823529 0.52549020
v -11.94357245 -1.96960298 7.09228581 0.38039216 0.78823529 0.52549020
v -11.91760817 -2.75079681 7.26077628 0.38039216 0.78823529 0.52549020
v -11.97627814 -2.88424646 8.58270603 0.38039216 0.78823529 0.52549020
v -11.79277852 -2.02503591 9.03986295 0.38039216 0.78823529 0.52549020
v -10.04565690 -2.92402472 8.57829188 0.38039216 0.78823529 0.52549020
v -10.01569806 -2.79827404 7.26592684 0.38039216 0.78823529 0.52549020
v -9.80148961 -2.08072556 7.47022489 0.38039216 0.78823529 0.52549020
v -10.02168949 -1.85822389 7.12760246 0.38039216 0.78823529 0.52549020
v -10.18971111 -2.19210465 6.97235573 0.38039216 0.78823529 0.52549020
v -11.83172536 -1.52459976 6.98829748 0.38039216 0.78823529 0.52549020
f 97 98 99
f 97 99 100
f 97 100 101
f 97 101 102
f 97 102 103
f 97 103 104
f 97 104 98
f 98 105 99
f 98 104 106
f 98 106 107
f 98 107 108
f 98 108 109
f 98 109 105
f 99 105 109
f 99 109 110
f 99 110 111
f 99 111 112
f 99 112 113
f 99 113 114
f 99 114 100
f 100 114 115
f 100 115 116
f 100 116 117
f 100 117 101
f 101 117 118
f 101 118 102
f 102 119 120
f 102 120 121
f 102 121 103
f 102 118 119
f 103 121 122
f 103 122 104
f 104 122 106
f 106 122 107
f 107 121 108
f 107 122 121
f 108 121 123
f 108 123 109
f 109 123 110
f 110 123 124
f 110 124 111
f 111 124 125
f 111 125 112
f 112 125 113
f 113 125 126
f 113 126 127
f 113 127 114
f 114 127 115
f 115 127 124
f 115 124 123
f 115 123 121
f 115 121 120
f 115 120 116
f 116 128 117
f 116 120 119
f 116 119 128
f 117 128 118
f 118 128 119
f 124 127 126
f 124 126 125

o geometry_4
v -7.55350100 -0.05591173 -3.12551851 0.56470588 0.92549020 0.07058824
v -7.57138355 0.43923223 -5.98662508 0.56470588 0.92549020 0.07058824
v -7.37811027 -0.04155957 -3.70348502 0.56470588 0.92549020 0.07058824
v -6.97854634 -0.05531357 -4.28719664 0.56470588 0.92549020 0.07058824
v -6.97167964 -0.05411766 4.30646452 0.56470588 0.92549020 0.07058824
v -7.36451957 -0.05052973 3.64346923 0.56470588 0.92549020 0.07058824
v -7.57138355 0.43923223 5.75195539 0.56470588 0.92549020 0.07058824
v -7.57138355 4.62343600 -5.98662508 0.56470588 0.92549020 0.07058824
v -6.11003416 0.43863428 -5.98662508 0.56470588 0.92549020 0.07058824
v -6.34593882 -0.05052973 -5.20872583 0.56470588 0.92549020 0.07058824
v -6.23363733 -0.04993156 5.33945051 0.56470588 0.92549020 0.07058824
v -6.55480519 -0.05172563 4.94877731 0.56470588 0.92549020 0.07058824
v -6.11060663 0.46135822 5.75195539 0.56470588 0.92549020 0.07058824
v -7.57138355 4.56662615 5.75195539 0.56470588 0.92549020 0.07058824
v -6.18385300 6.00003096 -3.96776403 0.56470588 0.92549020 0.07058824
v -6.11003416 4.56064576 -5.98662508 0.56470588 0.92549020 0.07058824
v -7.57138355 4.64855176 0.00216519 0.56470588 0.92549020 0.07058824
v -7.43819529 5.89418465 0.25610278 0.56470588 0.92549020 0.07058824
v -7.40743719 5.92647755 -0.48387818 0.56470588 0.92549020 0.07058824
v -7.37152939 5.94202520 -1.00094567 0.56470588 0.92549020 0.07058824
v -7.19628221 6.00361869 -1.49158523 0.56470588 0.92549020 0.07058824
v -6.93076439 6.04069522 -2.25339801 0.56470588 0.92549020 0.07058824
v -6.56567750 6.04607680 -3.11287888 0.56470588 0.92549020 0.07058824
v -6.11003416 4.56064576 5.75195539 0.56470588 0.92549020 0.07058824
v -6.11003416 5.93305504 4.26280115 0.56470588 0.92549020 0.07058824
v -6.39615250 6.04667476 3.43664219 0.56470588 0.92549020 0.07058824
v -6.70158374 6.05325310 2.74492070 0.56470588 0.92549020 0.07058824
v -7.09542549 5.98209065 2.01643015 0.56470588 0.92549020 0.07058824
v -7.37152939 5.94202520 1.00067993 0.56470588 0.92549020 0.07058824
v -7.20572376 6.04966453 -0.97336877 0.56470588 0.92549020 0.07058824
v -7.20572376 6.04966453 0.97310302 0.56470588 0.92549020 0.07058824
v -7.19685468 6.00361869 1.49017040 0.56470588 0.92549020 0.07058824
f 129 130 131
f 129 131 132
f 129 132 133
f 129 133 134
f 129 134 135
f 129 135 130
f 130 136 144
f 130 144 137
f 130 137 138
f 130 138 132
f 130 132 131
f 130 135 142
f 130 142 145
f 130 145 136
f 132 138 139
f 132 139 133
f 133 139 140
f 133 140 135
f 133 135 134
f 135 140 139
f 135 139 141
f 135 141 152
f 135 152 142
f 136 143 144
f 136 145 146
f 136 146 147
f 136 147 148
f 136 148 149
f 136 149 150
f 136 150 151
f 136 151 143
f 137 144 153
f 137 153 152
f 137 152 141
f 137 141 139
f 137 139 138
f 142 152 153
f 142 153 154
f 142 154 155
f 142 155 156
f 142 156 157
f 142 157 146
f 142 146 145
f 143 151 154
f 143 154 153
f 143 153 144
f 146 157 147
f 147 158 148
f 147 157 159
f 147 159 158
f 148 158 149
f 149 158 150
f 150 158 151
f 151 158 155
f 151 155 154
f 155 159 160
f 155 160 156
f 155 158 159
f 156 160 157
f 157 160 159

o geometry_5
v 2.17291632 6.05951717 -6.90249196 0.08627451 0.01960784 0.83137255
v 1.38659051 6.05204190 -7.13111289 0.08627451 0.01960784 0.83137255
v -2.68637878 6.05391136 -6.73552144 0.08627451 0.01960784 0.83137255
v -3.62001611 6.05204190 -6.29586614 0.08627451 0.01960784 0.83137255
v 3.98246147 6.05827115 -6.00697759 0.08627451 0.01960784 0.83137255
v 3.25585630 6.05889459 -6.45730347 0.08627451 0.01960784 0.83137255
v 14.06335858 4.79994959 -8.00528651 0.08627451 0.01960784 0.83137255
v 0.37730630 6.01591241 -7.33760315 0.08627451 0.01960784 0.83137255
v -1.01817347 6.04082942 -7.22102000 0.08627451 0.01960784 0.83137255
v -1.93389469 6.03646877 -7.04476250 0.08627451 0.01960784 0.83137255
v -6.05065922 5.05286026 -7.86024959 0.08627451 0.01960784 0.83137255
v -4.36055640 5.95174959 -5.99690028 0.08627451 0.01960784 0.83137255
v 14.00960898 4.87781608 -5.98662508 0.08627451 0.01960784 0.83137255
v -0.30351251 5.95984830 -7.40004346 0.08627451 0.01960784 0.83137255
v 14.28631720 0.40766001 -8.00528651 0.08627451 0.01960784 0.83137255
v -6.05065922 0.43942971 -8.00528651 0.08627451 0.01960784 0.83137255
v -6.05065922 4.56074429 -5.98662508 0.08627451 0.01960784 0.83137255
v 14.06335858 0.19150290 -5.98662508 0.08627451 0.01960784 0.83137255
v 13.81651238 -0.04521099 -8.00528651 0.08627451 0.01960784 0.83137255
v -6.05065922 0.43818369 -6.01883347 0.08627451 0.01960784 0.83137255
v -1.50191300 -0.05953853 -8.00528651 0.08627451 0.01960784 0.83137255
v -2.19666693 -0.04957164 -7.93474410 0.08627451 0.01960784 0.83137255
v -3.03076916 -0.05206326 -7.63617320 0.08627451 0.01960784 0.83137255
v -3.62598800 -0.04894863 -7.38917582 0.08627451 0.01960784 0.83137255
v -4.38842580 -0.05517788 -6.92205414 0.08627451 0.01960784 0.83137255
v -5.02943058 -0.05455508 -6.47192574 0.08627451 0.01960784 0.83137255
v -5.51118004 -0.05019444 -6.07574185 0.08627451 0.01960784 0.83137255
v 10.61148682 -0.30435050 -6.78413066 0.08627451 0.01960784 0.83137255
v 11.55507830 -0.30435050 -6.82602140 0.08627451 0.01960784 0.83137255
v 12.06867814 -0.30435050 -7.28049687 0.08627451 0.01960784 0.83137255
v 12.29959872 -0.30435050 -7.88534412 0.08627451 0.01960784 0.83137255
v 9.81321681 -0.30435050 -7.56879213 0.08627451 0.01960784 0.83137255
f 161 162 163
f 161 163 164
f 161 164 165
f 161 165 166
f 161 166 167
f 161 167 162
f 162 167 168
f 162 168 169
f 162 169 163
f 163 169 170
f 163 170 171
f 163 171 164
f 164 171 172
f 164 172 165
f 165 173 167
f 165 167 166
f 165 172 173
f 167 174 168
f 167 173 175
f 167 175 179
f 167 179 181
f 167 181 176
f 167 176 171
f 167 171 174
f 168 174 169
f 169 171 170
f 169 174 171
f 171 176 180
f 171 180 177
f 171 177 172
f 172 177 173
f 173 178 175
f 173 177 178
f 175 178 179
f 176 181 182
f 176 182 183
f 176 183 184
f 176 184 185
f 176 185 186
f 176 186 187
f 176 187 180
f 177 180 178
f 178 188 189
f 178 189 190
f 178 190 179
f 178 180 187
f 178 187 188
f 179 190 191
f 179 191 181
f 181 183 182
f 181 191 192
f 181 192 183
f 183 192 185
f 183 185 184
f 185 192 186
f 186 192 187
f 187 192 188
f 188 192 191
f 188 191 190
f 188 190 189

o geometry_6
v -7.57138440 4.56683509 5.75195539 0.77647059 0.86666667 0.97647059
v -7.83723092 5.01911154 5.75195539 0.77647059 0.86666667 0.97647059
v -7.57138440 0.43918212 5.75195539 0.77647059 0.86666667 0.97647059
v -7.57138440 4.64806423 0.00216519 0.77647059 0.86666667 0.97647059
v -7.64724639 4.97849740 -5.98662508 0.77647059 0.86666667 0.97647059
v -8.01600212 5.05972654 5.75195539 0.77647059 0.86666667 0.97647059
v -7.84184892 5.06072879 -5.97053850 0.77647059 0.86666667 0.97647059
v -8.87093420 -0.05471200 5.75195539 0.77647059 0.86666667 0.97647059
v -7.57138440 -0.04368086 3.28037283 0.77647059 0.86666667 0.97647059
v -7.57138440 4.62299348 -5.98662508 0.77647059 0.86666667 0.97647059
v -13.82175636 5.04117383 -5.98662508 0.77647059 0.86666667 0.97647059
v -13.74787340 5.06123076 5.75195539 0.77647059 0.86666667 0.97647059
v -13.74787340 -0.06123047 5.75195539 0.77647059 0.86666667 0.97647059
v -7.57138440 -0.05972624 3.05975739 0.77647059 0.86666667 0.97647059
v -7.57138440 0.43918212 -5.98662508 0.77647059 0.86666667 0.97647059
v -14.02757308 4.90829898 -5.98662508 0.77647059 0.86666667 0.97647059
v -13.91015160 5.00858195 5.75195539 0.77647059 0.86666667 0.97647059
v -13.94049691 0.01398197 5.75195539 0.77647059 0.86666667 0.97647059
v -13.81911738 -0.04418220 -5.98662508 0.77647059 0.86666667 0.97647059
v -8.79573217 -0.06072892 -5.98662508 0.77647059 0.86666667 0.97647059
v -7.57138440 -0.05972624 -3.00486944 0.77647059 0.86666667 0.97647059
v -7.57138440 -0.03866663 -3.32660022 0.77647059 0.86666667 0.97647059
v -8.60244870 -0.04017086 -5.98662508 0.77647059 0.86666667 0.97647059
v -14.23470971 4.68867922 -5.98662508 0.77647059 0.86666667 0.97647059
v -14.23668873 4.69770458 5.75195539 0.77647059 0.86666667 0.97647059
v -14.04274616 4.89225361 5.75195539 0.77647059 0.86666667 0.97647059
v -14.22943260 0.30179438 5.75195539 0.77647059 0.86666667 0.97647059
v -14.04142624 0.10574091 -5.98662508 0.77647059 0.86666667 0.97647059
v -14.31057170 4.48711018 -5.98662508 0.77647059 0.86666667 0.97647059
v -14.30199650 4.54728013 5.75195539 0.77647059 0.86666667 0.97647059
v -14.31057170 0.48029824 5.75195539 0.77647059 0.86666667 0.97647059
v -14.28418529 0.40207756 -5.98662508 0.77647059 0.86666667 0.97647059
f 193 194 198
f 193 198 204
f 193 204 209
f 193 209 218
f 193 218 217
f 193 217 222
f 193 222 223
f 193 223 219
f 193 219 210
f 193 210 205
f 193 205 200
f 193 200 195
f 193 195 201
f 193 201 206
f 193 206 213
f 193 213 214
f 193 214 207
f 193 207 202
f 193 202 196
f 193 196 197
f 193 197 194
f 194 197 199
f 194 199 198
f 195 200 201
f 196 202 197
f 197 202 207
f 197 207 215
f 197 215 212
f 197 212 211
f 197 211 220
f 197 220 224
f 197 224 221
f 197 221 216
f 197 216 208
f 197 208 203
f 197 203 199
f 198 199 204
f 199 203 204
f 200 205 206
f 200 206 201
f 203 208 209
f 203 209 204
f 205 210 211
f 205 211 212
f 205 212 206
f 206 212 213
f 207 214 215
f 208 216 217
f 208 217 218
f 208 218 209
f 210 219 220
f 210 220 211
f 212 215 213
f 213 215 214
f 216 221 222
f 216 222 217
f 219 223 224
f 219 224 220
f 221 223 222
f 221 224 223

o geometry_7
v -6.05066007 5.06123076 -8.00606114 0.79607843 0.45882353 0.78039216
v -1.82044273 5.05597913 -11.41087885 0.79607843 0.45882353 0.78039216
v -6.05066007 4.80337593 -11.08848833 0.79607843 0.45882353 0.78039216
v -6.05066007 0.43927895 -8.00606114 0.79607843 0.45882353 0.78039216
v 14.06256527 4.80180036 -8.00606114 0.79607843 0.45882353 0.78039216
v 12.85730785 5.06018010 -9.96391645 0.79607843 0.45882353 0.78039216
v -1.88937092 5.01816705 -11.50380291 0.79607843 0.45882353 0.78039216
v 12.85730785 5.04652569 -10.07504667 0.79607843 0.45882353 0.78039216
v 12.52645424 4.85746782 -10.69631048 0.79607843 0.45882353 0.78039216
v 0.59204136 4.78814679 -11.84174363 0.79607843 0.45882353 0.78039216
v -0.59352223 4.87112223 -11.74350934 0.79607843 0.45882353 0.78039216
v -6.05066007 0.19560364 -11.08507472 0.79607843 0.45882353 0.78039216
v -1.31825242 4.73615539 -11.82619259 0.79607843 0.45882353 0.78039216
v -6.05066007 -0.05279796 -8.66032282 0.79607843 0.45882353 0.78039216
v -1.77908624 -0.05174772 -8.00606114 0.79607843 0.45882353 0.78039216
v 14.05075058 0.18089920 -8.00606114 0.79607843 0.45882353 0.78039216
v 14.06847346 4.77711777 -9.18335317 0.79607843 0.45882353 0.78039216
v 13.47963166 4.99401022 -9.58425486 0.79607843 0.45882353 0.78039216
v 13.73564932 4.58700924 -9.79892877 0.79607843 0.45882353 0.78039216
v 13.01485848 0.39674099 -10.53777033 0.79607843 0.45882353 0.78039216
v 12.37875116 0.02597630 -10.68038061 0.79607843 0.45882353 0.78039216
v -0.40052372 0.23026437 -11.88042971 0.79607843 0.45882353 0.78039216
v -1.35370114 0.20085527 -11.75488745 0.79607843 0.45882353 0.78039216
v 0.66096955 0.12208102 -11.75564593 0.79607843 0.45882353 0.78039216
v 10.71265908 -0.30382559 -9.24214205 0.79607843 0.45882353 0.78039216
v 9.94854122 -0.30382559 -8.74073061 0.79607843 0.45882353 0.78039216
v 9.69449240 -0.30382559 -8.11225994 0.79607843 0.45882353 0.78039216
v 13.21967295 -0.00710885 -9.82509944 0.79607843 0.45882353 0.78039216
v 13.87153602 0.25494695 -9.49133080 0.79607843 0.45882353 0.78039216
v 12.16014978 -0.30382559 -8.52984998 0.79607843 0.45882353 0.78039216
v 11.62841937 -0.30382559 -9.12835756 0.79607843 0.45882353 0.78039216
v 13.02864370 -0.05279796 -9.85620068 0.79607843 0.45882353 0.78039216
f 225 226 227
f 225 227 236
f 225 236 238
f 225 238 228
f 225 228 239
f 225 239 240
f 225 240 229
f 225 229 230
f 225 230 226
f 226 231 227
f 226 230 232
f 226 232 233
f 226 233 234
f 226 234 235
f 226 235 231
f 227 231 237
f 227 237 236
f 228 238 239
f 229 240 241
f 229 241 242
f 229 242 230
f 230 242 232
f 231 235 237
f 232 242 233
f 233 242 243
f 233 243 244
f 233 244 245
f 233 245 234
f 234 246 237
f 234 237 235
f 234 245 246
f 236 237 247
f 236 247 248
f 236 248 238
f 237 246 247
f 238 248 249
f 238 249 250
f 238 250 251
f 238 251 239
f 239 251 240
f 240 252 253
f 240 253 241
f 240 251 254
f 240 254 252
f 241 253 243
f 241 243 242
f 243 253 244
f 244 253 252
f 244 252 245
f 245 255 249
f 245 249 248
f 245 248 246
f 245 252 256
f 245 256 255
f 246 248 247
f 249 255 254
f 249 254 251
f 249 251 250
f 252 254 256
f 254 255 256

o geometry_8
v -14.29430804 4.56103817 -5.98683996 0.11764706 0.63921569 0.14117647
v -14.28816372 0.41088506 -8.18014808 0.11764706 0.63921569 0.14117647
v -14.28893155 0.41246021 -5.98683996 0.11764706 0.63921569 0.14117647
v -14.15451255 4.78107072 -5.98683996 0.11764706 0.63921569 0.14117647
v -14.27779466 4.58361942 -8.18014808 0.11764706 0.63921569 0.14117647
v -14.08346222 0.14779176 -8.18014808 0.11764706 0.63921569 0.14117647
v -14.08230963 0.14674152 -5.98683996 0.11764706 0.63921569 0.14117647
v -13.82076855 5.04153821 -5.98683996 0.11764706 0.63921569 0.14117647
v -13.91025352 5.00740473 -8.18014808 0.11764706 0.63921569 0.14117647
v -14.09767212 4.83831036 -8.18014808 0.11764706 0.63921569 0.14117647
v -10.37080362 -0.30382559 -8.18014808 0.11764706 0.63921569 0.14117647
v -13.82153638 -0.04020717 -8.15288173 0.11764706 0.63921569 0.14117647
v -13.81884813 -0.04440834 -5.98683996 0.11764706 0.63921569 0.14117647
v -12.69126271 5.04941523 -5.98683996 0.11764706 0.63921569 0.14117647
v -12.91363102 5.06096831 -6.02741674 0.11764706 0.63921569 0.14117647
v -13.69287778 5.05939274 -8.18014808 0.11764706 0.63921569 0.14117647
v -12.30259953 -0.30382559 -8.12668982 0.11764706 0.63921569 0.14117647
v -10.37080362 3.31121366 -8.18014808 0.11764706 0.63921569 0.14117647
v -10.37080362 -0.06068751 -5.98683996 0.11764706 0.63921569 0.14117647
v -10.44991869 -0.30382559 -6.81426830 0.11764706 0.63921569 0.14117647
v -12.29453480 -0.30382559 -7.82289787 0.11764706 0.63921569 0.14117647
v -12.23423745 -0.30382559 -7.56290433 0.11764706 0.63921569 0.14117647
v -12.14244899 -0.30382559 -7.36087833 0.11764706 0.63921569 0.14117647
v -11.96309513 -0.30382559 -7.11741558 0.11764706 0.63921569 0.14117647
v -11.68273464 -0.30382559 -6.88425862 0.11764706 0.63921569 0.14117647
v -11.46382409 -0.30382559 -6.77669701 0.11764706 0.63921569 0.14117647
v -11.24683312 -0.30382559 -6.71529463 0.11764706 0.63921569 0.14117647
v -10.94074108 -0.30382559 -6.69511369 0.11764706 0.63921569 0.14117647
v -10.37080362 4.55211133 -6.11179150 0.11764706 0.63921569 0.14117647
v -10.37080362 4.55578738 -7.15262564 0.11764706 0.63921569 0.14117647
v -12.00572482 4.55106066 -8.18014808 0.11764706 0.63921569 0.14117647
v -10.68918514 -0.30382559 -6.72946461 0.11764706 0.63921569 0.14117647
f 257 258 259
f 257 259 263
f 257 263 269
f 257 269 275
f 257 275 270
f 257 270 264
f 257 264 260
f 257 260 261
f 257 261 258
f 258 262 263
f 258 263 259
f 258 261 266
f 258 266 265
f 258 265 272
f 258 272 287
f 258 287 274
f 258 274 267
f 258 267 262
f 260 264 265
f 260 265 266
f 260 266 261
f 262 267 268
f 262 268 269
f 262 269 263
f 264 270 271
f 264 271 272
f 264 272 265
f 267 273 268
f 267 274 286
f 267 286 285
f 267 285 275
f 267 275 276
f 267 276 288
f 267 288 284
f 267 284 283
f 267 283 282
f 267 282 281
f 267 281 280
f 267 280 279
f 267 279 278
f 267 278 277
f 267 277 273
f 268 273 269
f 269 273 277
f 269 277 278
f 269 278 279
f 269 279 280
f 269 280 281
f 269 281 282
f 269 282 283
f 269 283 284
f 269 284 275
f 270 285 286
f 270 286 272
f 270 272 271
f 270 275 285
f 272 286 287
f 274 287 286
f 275 284 288
f 275 288 276

o geometry_9
v -14.28818411 0.41112585 -8.18036467 0.94117647 0.52156863 0.41176471
v -14.18771853 4.71078652 -8.18036467 0.94117647 0.52156863 0.41176471
v -14.12099741 4.68459801 -9.28850386 0.94117647 0.52156863 0.41176471
v -14.16509481 0.40641187 -9.33529714 0.94117647 0.52156863 0.41176471
v -13.96454756 0.07905319 -9.13840216 0.94117647 0.52156863 0.41176471
v -13.96109658 0.05914978 -8.18066789 0.94117647 0.52156863 0.41176471
v -10.37080362 -0.30382559 -8.18036467 0.94117647 0.52156863 0.41176471
v -13.80157882 5.03343186 -8.18036467 0.94117647 0.52156863 0.41176471
v -13.92351808 4.96900743 -9.06730172 0.94117647 0.52156863 0.41176471
v -13.47986014 4.99414867 -9.58414954 0.94117647 0.52156863 0.41176471
v -12.82070017 4.66731341 -10.70535538 0.94117647 0.52156863 0.41176471
v -12.38356112 4.57670048 -11.14472146 0.94117647 0.52156863 0.41176471
v -12.16767602 0.39226992 -11.26413471 0.94117647 0.52156863 0.41176471
v -12.40465088 0.24770844 -10.99218974 0.94117647 0.52156863 0.41176471
v -13.50861883 0.03662756 -9.59873486 0.94117647 0.52156863 0.41176471
v -13.42157494 -0.04455741 -9.52581082 0.94117647 0.52156863 0.41176471
v -12.25587080 -0.30382559 -8.35051990 0.94117647 0.52156863 0.41176471
v -10.47472018 -0.30382559 -9.19552629 0.94117647 0.52156863 0.41176471
v -10.37080362 -0.02465400 -10.86457247 0.94117647 0.52156863 0.41176471
v -10.37080362 3.31073886 -8.18036467 0.94117647 0.52156863 0.41176471
v -10.37080362 5.02086124 -10.80501831 0.94117647 0.52156863 0.41176471
v -13.52625847 5.04704975 -9.40761302 0.94117647 0.52156863 0.41176471
v -12.00547425 4.55103603 -8.18036467 0.94117647 0.52156863 0.41176471
v -10.37080362 4.52065675 -8.75646342 0.94117647 0.52156863 0.41176471
v -12.15348820 4.88048989 -10.99310111 0.94117647 0.52156863 0.41176471
v -10.37080362 4.63745819 -11.24863887 0.94117647 0.52156863 0.41176471
v -10.37080362 0.40012656 -11.28418909 0.94117647 0.52156863 0.41176471
v -12.15387127 0.00624871 -10.83722627 0.94117647 0.52156863 0.41176471
v -11.79112226 -0.30382559 -9.03600512 0.94117647 0.52156863 0.41176471
v -12.05992457 -0.30382559 -8.76345201 0.94117647 0.52156863 0.41176471
v -10.88118267 -0.30382559 -9.30126558 0.94117647 0.52156863 0.41176471
v -11.34247939 -0.30382559 -9.25538452 0.94117647 0.52156863 0.41176471
f 289 290 291
f 289 291 292
f 289 292 293
f 289 293 294
f 289 294 295
f 289 295 308
f 289 308 311
f 289 311 296
f 289 296 290
f 290 296 297
f 290 297 291
f 291 297 298
f 291 298 299
f 291 299 292
f 292 299 300
f 292 300 301
f 292 301 302
f 292 302 303
f 292 303 293
f 293 303 304
f 293 304 294
f 294 304 305
f 294 305 295
f 295 305 318
f 295 318 317
f 295 317 320
f 295 320 319
f 295 319 306
f 295 306 307
f 295 307 315
f 295 315 314
f 295 314 309
f 295 309 312
f 295 312 308
f 296 309 310
f 296 310 297
f 296 311 312
f 296 312 309
f 297 310 298
f 298 310 313
f 298 313 299
f 299 313 300
f 300 313 314
f 300 314 301
f 301 315 307
f 301 307 316
f 301 316 302
f 301 314 315
f 302 316 303
f 303 316 304
f 304 317 318
f 304 318 305
f 304 316 317
f 306 319 307
f 307 319 320
f 307 320 316
f 308 312 311
f 309 314 313
f 309 313 310
f 316 320 317

o geometry_10
v 11.13308769 -0.30225214 9.27681233 0.26274510 0.77254902 0.45490196
v 12.26069351 -0.30225214 8.29382131 0.26274510 0.77254902 0.45490196
v 9.71785167 -0.30225214 8.18150112 0.26274510 0.77254902 0.45490196
v 10.24230811 -0.42774599 9.02378020 0.26274510 0.77254902 0.45490196
v 10.72019635 -2.79314143 9.13684782 0.26274510 0.77254902 0.45490196
v 11.58856286 -2.78800871 9.05565861 0.26274510 0.77254902 0.45490196
v 11.67721716 -1.41347728 9.12165606 0.26274510 0.77254902 0.45490196
v 12.02162495 -0.69028253 8.78145687 0.26274510 0.77254902 0.45490196
v 12.12696505 -0.58634602 7.37209591 0.26274510 0.77254902 0.45490196
v 11.50837505 -0.32971193 6.80451673 0.26274510 0.77254902 0.45490196
v 10.79814269 -0.30918127 6.73279115 0.26274510 0.77254902 0.45490196
v 12.24550259 -1.80253435 8.40439859 0.26274510 0.77254902 0.45490196
v 12.21263127 -2.77928317 7.85026784 0.26274510 0.77254902 0.45490196
v 9.77189174 -0.32971193 7.56610474 0.26274510 0.77254902 0.45490196
v 9.71685621 -2.19210465 7.73769794 0.26274510 0.77254902 0.45490196
v 9.79305880 -2.81367210 7.98749314 0.26274510 0.77254902 0.45490196
v 10.06450094 -1.85822389 8.91544439 0.26274510 0.77254902 0.45490196
v 10.04557452 -2.92402472 8.57823412 0.26274510 0.77254902 0.45490196
v 11.97630192 -2.88424646 8.58271708 0.26274510 0.77254902 0.45490196
v 11.79276663 -2.02503591 9.03971940 0.26274510 0.77254902 0.45490196
v 11.97157010 -1.69141177 7.12279972 0.26274510 0.77254902 0.45490196
v 11.83161579 -1.52459976 6.98831405 0.26274510 0.77254902 0.45490196
v 11.70236944 -1.30184148 6.89417370 0.26274510 0.77254902 0.45490196
v 11.48571311 -1.74658808 6.78334755 0.26274510 0.77254902 0.45490196
v 10.86040038 -2.79724758 6.82244812 0.26274510 0.77254902 0.45490196
v 10.18951406 -2.19210465 6.97237484 0.26274510 0.77254902 0.45490196
v 10.08915550 -0.54092170 7.06800923 0.26274510 0.77254902 0.45490196
v 11.91753088 -2.75079681 7.26077203 0.26274510 0.77254902 0.45490196
v 10.02166826 -1.85822389 7.12753196 0.26274510 0.77254902 0.45490196
v 9.77961078 -1.19071890 7.52575900 0.26274510 0.77254902 0.45490196
v 9.80152613 -2.08072556 7.47022149 0.26274510 0.77254902 0.45490196
v 10.01569127 -2.79827404 7.26600243 0.26274510 0.77254902 0.45490196
f 321 322 323
f 321 323 324
f 321 324 325
f 321 325 326
f 321 326 327
f 321 327 328
f 321 328 322
f 322 329 330
f 322 330 331
f 322 331 323
f 322 328 332
f 322 332 333
f 322 333 329
f 323 331 334
f 323 334 335
f 323 335 336
f 323 336 337
f 323 337 324
f 324 337 325
f 325 337 338
f 325 338 339
f 325 339 326
f 326 339 340
f 326 340 327
f 327 340 328
f 328 340 332
f 329 341 342
f 329 342 330
f 329 333 341
f 330 342 343
f 330 343 344
f 330 344 331
f 331 344 345
f 331 345 346
f 331 346 347
f 331 347 334
f 332 340 339
f 332 339 333
f 333 339 348
f 333 348 341
f 334 347 349
f 334 349 350
f 334 350 335
f 335 351 352
f 335 352 336
f 335 350 351
f 336 352 338
f 336 338 337
f 338 352 345
f 338 345 339
f 339 345 348
f 341 348 342
f 342 348 344
f 342 344 343
f 344 348 345
f 345 352 346
f 346 349 347
f 346 352 349
f 349 352 351
f 349 351 350

o geometry_11
v -10.81757534 -0.30225171 6.70812088 0.56470588 0.01568627 0.61568627
v -13.83891441 -0.02906603 5.75195666 0.56470588 0.01568627 0.61568627
v -10.71073356 -0.06046667 5.75195666 0.56470588 0.01568627 0.61568627
v -10.81932673 -0.30225171 9.29176457 0.56470588 0.01568627 0.61568627
v -11.39346854 -0.30225171 6.77082025 0.56470588 0.01568627 0.61568627
v -14.26978344 0.38960971 5.75195666 0.56470588 0.01568627 0.61568627
v -12.07094935 -0.30225171 7.28214379 0.56470588 0.01568627 0.61568627
v -12.29864404 -0.30225171 7.97399841 0.56470588 0.01568627 0.61568627
v -13.49316801 -0.03115951 9.48526803 0.56470588 0.01568627 0.61568627
v -13.73627615 0.03425868 9.33608705 0.56470588 0.01568627 0.61568627
v -12.36274910 5.04423410 5.75195666 0.56470588 0.01568627 0.61568627
v -10.71073356 4.52612327 5.86870714 0.56470588 0.01568627 0.61568627
v -10.71073356 0.03844542 10.96572858 0.56470588 0.01568627 0.61568627
v -11.34407620 -0.30225171 9.25392871 0.56470588 0.01568627 0.61568627
v -14.06906122 4.77628200 9.22203925 0.56470588 0.01568627 0.61568627
v -14.28940040 4.56642060 5.75195666 0.56470588 0.01568627 0.61568627
v -13.99479774 0.31843452 9.46635009 0.56470588 0.01568627 0.61568627
v -12.14661428 -0.30225171 8.59666707 0.56470588 0.01568627 0.61568627
v -12.20511438 0.04053868 10.86140943 0.56470588 0.01568627 0.61568627
v -12.74107379 0.06304264 10.40305576 0.56470588 0.01568627 0.61568627
v -11.79176013 -0.30225171 9.03448136 0.56470588 0.01568627 0.61568627
v -13.99514852 4.92124842 5.75195666 0.56470588 0.01568627 0.61568627
v -12.24995242 4.98823623 10.77438676 0.56470588 0.01568627 0.61568627
v -10.71073356 5.02644072 10.80465563 0.56470588 0.01568627 0.61568627
v -10.71073356 0.39379624 11.27327898 0.56470588 0.01568627 0.61568627
v -12.21632347 0.37495559 11.22409219 0.56470588 0.01568627 0.61568627
v -13.78672001 4.59782167 9.77876566 0.56470588 0.01568627 0.61568627
v -13.66271339 4.87048435 9.56634428 0.56470588 0.01568627 0.61568627
v -13.46304184 0.48014790 10.12307154 0.56470588 0.01568627 0.61568627
v -12.27727568 4.63340926 11.17760892 0.56470588 0.01568627 0.61568627
v -10.71073356 4.64230552 11.24787529 0.56470588 0.01568627 0.61568627
v -13.46304184 4.48634915 10.12307154 0.56470588 0.01568627 0.61568627
f 353 354 355
f 353 355 356
f 353 356 366
f 353 366 373
f 353 373 370
f 353 370 360
f 353 360 359
f 353 359 357
f 353 357 354
f 354 358 368
f 354 368 374
f 354 374 363
f 354 363 355
f 354 357 359
f 354 359 360
f 354 360 361
f 354 361 362
f 354 362 358
f 355 363 364
f 355 364 376
f 355 376 383
f 355 383 377
f 355 377 365
f 355 365 356
f 356 365 366
f 358 367 368
f 358 362 369
f 358 369 367
f 360 370 361
f 361 371 372
f 361 372 362
f 361 370 373
f 361 373 371
f 362 372 369
f 363 374 375
f 363 375 376
f 363 376 364
f 365 377 378
f 365 378 371
f 365 371 366
f 366 371 373
f 367 374 368
f 367 369 379
f 367 379 380
f 367 380 374
f 369 372 378
f 369 378 381
f 369 381 379
f 371 378 372
f 374 380 375
f 375 382 383
f 375 383 376
f 375 380 379
f 375 379 382
f 377 383 378
f 378 382 381
f 378 383 382
f 379 381 384
f 379 384 382
f 381 382 384

o geometry_12
v -10.67075559 -0.30225171 6.73406562 0.61176471 0.61568627 0.94117647
v -10.71038108 -0.06024669 5.75195666 0.61176471 0.61568627 0.94117647
v -8.89120178 -0.05867175 5.75195666 0.61176471 0.61568627 0.94117647
v -10.37356237 -0.30225171 6.85459960 0.61176471 0.61568627 0.94117647
v -10.63608277 -0.30225171 9.25230727 0.61176471 0.61568627 0.94117647
v -10.71038108 0.03844520 10.96572858 0.61176471 0.61568627 0.94117647
v -10.26999575 4.82237540 5.75195666 0.61176471 0.61568627 0.94117647
v -10.71038108 4.52629994 5.86870714 0.61176471 0.61568627 0.94117647
v -10.11914746 -0.30225171 7.03350882 0.61176471 0.61568627 0.94117647
v -6.11064868 4.56042153 5.75195666 0.61176471 0.61568627 0.94117647
v -6.11064868 0.46366000 5.75736161 0.61176471 0.61568627 0.94117647
v -6.11064868 -0.05867175 8.65125923 0.61176471 0.61568627 0.94117647
v -10.36275503 -0.30225171 9.14258359 0.61176471 0.61568627 0.94117647
v -6.11064868 0.00957270 10.90519086 0.61176471 0.61568627 0.94117647
v -6.11064868 0.37021783 11.25868517 0.61176471 0.61568627 0.94117647
v -10.71038108 0.39384125 11.27327898 0.61176471 0.61568627 0.94117647
v -10.02863900 4.93681645 5.75195666 0.61176471 0.61568627 0.94117647
v -10.71038108 5.05965604 10.67871670 0.61176471 0.61568627 0.94117647
v -9.95073853 -0.30225171 7.22052567 0.61176471 0.61568627 0.94117647
v -9.58600201 5.04863212 5.75195666 0.61176471 0.61568627 0.94117647
v -8.01583394 5.05965604 5.77573934 0.61176471 0.61568627 0.94117647
v -6.12776001 5.05493101 7.68158202 0.61176471 0.61568627 0.94117647
v -6.11064868 5.02133349 10.84303254 0.61176471 0.61568627 0.94117647
v -9.82870924 -0.30225171 8.57072318 0.61176471 0.61568627 0.94117647
v -9.70172730 -0.30225171 8.12804371 0.61176471 0.61568627 0.94117647
v -9.72604296 -0.30225171 7.71076964 0.61176471 0.61568627 0.94117647
v -9.81159791 -0.30225171 7.45132394 0.61176471 0.61568627 0.94117647
v -10.11644563 -0.30225171 8.96151231 0.61176471 0.61568627 0.94117647
v -6.11064868 4.63706578 11.24895653 0.61176471 0.61568627 0.94117647
v -10.71038108 4.64231572 11.24787529 0.61176471 0.61568627 0.94117647
v -7.73800372 5.06070586 6.06761511 0.61176471 0.61568627 0.94117647
v -10.71038108 4.99298674 10.93113559 0.61176471 0.61568627 0.94117647
f 385 386 387
f 385 387 388
f 385 388 393
f 385 393 403
f 385 403 411
f 385 411 410
f 385 410 409
f 385 409 408
f 385 408 412
f 385 412 397
f 385 397 389
f 385 389 390
f 385 390 386
f 386 391 401
f 386 401 404
f 386 404 394
f 386 394 387
f 386 390 400
f 386 400 414
f 386 414 416
f 386 416 402
f 386 402 392
f 386 392 391
f 387 393 388
f 387 394 395
f 387 395 396
f 387 396 393
f 389 397 398
f 389 398 390
f 390 398 399
f 390 399 400
f 391 392 402
f 391 402 401
f 393 396 403
f 394 404 405
f 394 405 406
f 394 406 407
f 394 407 413
f 394 413 399
f 394 399 398
f 394 398 396
f 394 396 395
f 396 398 408
f 396 408 409
f 396 409 410
f 396 410 411
f 396 411 403
f 397 412 398
f 398 412 408
f 399 413 400
f 400 413 414
f 401 402 404
f 402 415 405
f 402 405 404
f 402 416 407
f 402 407 406
f 402 406 415
f 405 415 406
f 407 416 413
f 413 416 414

o geometry_13
v 14.31057000 0.48029824 6.38554095 0.67843137 0.35686275 0.43529412
v 14.30198801 4.54627703 6.38554095 0.67843137 0.35686275 0.43529412
v 14.26568440 0.34541761 6.38554095 0.67843137 0.35686275 0.43529412
v 14.29736745 0.43216253 -5.98662508 0.67843137 0.35686275 0.43529412
v 14.30132890 4.55028859 -5.98662508 0.67843137 0.35686275 0.43529412
v 14.19571531 4.73932183 6.38554095 0.67843137 0.35686275 0.43529412
v 14.23664032 4.69770458 -5.98662508 0.67843137 0.35686275 0.43529412
v 14.18515429 0.24964733 6.38554095 0.67843137 0.35686275 0.43529412
v 14.22079879 0.28574921 -5.98662508 0.67843137 0.35686275 0.43529412
v 13.90989849 5.00858195 6.38554095 0.67843137 0.35686275 0.43529412
v 13.95940550 4.97599007 -5.98662508 0.67843137 0.35686275 0.43529412
v 14.08944176 0.15387683 6.38554095 0.67843137 0.35686275 0.43529412
v 13.93828261 0.01047197 -5.98662508 0.67843137 0.35686275 0.43529412
v 13.74817832 5.06123076 6.38554095 0.67843137 0.35686275 0.43529412
v 13.80428575 5.05070117 -5.98662508 0.67843137 0.35686275 0.43529412
v 13.92706078 0.00194794 6.38554095 0.67843137 0.35686275 0.43529412
v 13.74817832 -0.06123047 -5.98662508 0.67843137 0.35686275 0.43529412
v 7.56781706 5.06123076 6.36737513 0.67843137 0.35686275 0.43529412
v 7.56781706 0.43918212 6.38554095 0.67843137 0.35686275 0.43529412
v 7.79026437 5.05120230 -5.98662508 0.67843137 0.35686275 0.43529412
v 13.74817832 -0.06123047 6.38554095 0.67843137 0.35686275 0.43529412
v 8.77246888 -0.06072892 -5.98662508 0.67843137 0.35686275 0.43529412
v 8.51767686 -0.06123047 6.38554095 0.67843137 0.35686275 0.43529412
v 7.62920415 4.96796781 -5.98662508 0.67843137 0.35686275 0.43529412
v 7.56781706 4.62399659 -5.98662508 0.67843137 0.35686275 0.43529412
v 7.56781706 -0.03966952 3.32762010 0.67843137 0.35686275 0.43529412
v 8.35463592 -0.04869509 6.38554095 0.67843137 0.35686275 0.43529412
v 8.60810803 -0.04217663 -5.98662508 0.67843137 0.35686275 0.43529412
v 7.56781706 -0.05972624 -3.06434270 0.67843137 0.35686275 0.43529412
v 7.56781706 -0.05972624 3.00547886 0.67843137 0.35686275 0.43529412
v 7.56781706 0.43918212 -5.98662508 0.67843137 0.35686275 0.43529412
v 7.56781706 -0.04418220 -3.28475535 0.67843137 0.35686275 0.43529412
f 417 418 422
f 417 422 426
f 417 426 430
f 417 430 435
f 417 435 443
f 417 443 439
f 417 439 437
f 417 437 432
f 417 432 428
f 417 428 424
f 417 424 419
f 417 419 420
f 417 420 421
f 417 421 418
f 418 421 423
f 418 423 422
f 419 424 425
f 419 425 420
f 420 425 429
f 420 429 433
f 420 433 438
f 420 438 444
f 420 444 447
f 420 447 441
f 420 441 440
f 420 440 436
f 420 436 431
f 420 431 427
f 420 427 423
f 420 423 421
f 422 423 427
f 422 427 426
f 424 428 425
f 425 428 429
f 426 427 431
f 426 431 430
f 428 432 429
f 429 432 433
f 430 434 435
f 430 431 436
f 430 436 434
f 432 437 433
f 433 437 439
f 433 439 438
f 434 436 440
f 434 440 441
f 434 441 447
f 434 447 448
f 434 448 445
f 434 445 446
f 434 446 442
f 434 442 435
f 435 442 443
f 438 439 445
f 438 445 444
f 439 443 446
f 439 446 445
f 442 446 443
f 444 445 448
f 444 448 447

o geometry_14
v -0.13991928 6.08150472 -4.10059471 0.69411765 0.05882353 0.66666667
v 0.28136306 6.08086430 -4.10059471 0.69411765 0.05882353 0.66666667
v 3.98904618 6.05908909 -5.94711766 0.69411765 0.05882353 0.66666667
v -4.01232179 6.05844867 -5.97887121 0.69411765 0.05882353 0.66666667
v -4.42461942 6.05972952 -5.70545599 0.69411765 0.05882353 0.66666667
v -5.17633865 6.06036994 -4.95444088 0.69411765 0.05882353 0.66666667
v -5.83920950 6.00849575 -4.40834854 0.69411765 0.05882353 0.66666667
v -6.10875034 -0.06026049 -4.10059471 0.69411765 0.05882353 0.66666667
v 0.62377962 6.07894303 -4.10059471 0.69411765 0.05882353 0.66666667
v 3.23433208 5.99760772 -4.10059471 0.69411765 0.05882353 0.66666667
v 4.08787800 5.99824814 -5.24114826 0.69411765 0.05882353 0.66666667
v 4.08787800 -0.06026049 -5.98662508 0.69411765 0.05882353 0.66666667
v -6.10875034 4.56047334 -5.98662508 0.69411765 0.05882353 0.66666667
v -4.57236752 5.92139664 -5.88933273 0.69411765 0.05882353 0.66666667
v -4.82094430 6.00145026 -5.53948686 0.69411765 0.05882353 0.66666667
v -5.65053087 5.97070915 -4.76982520 0.69411765 0.05882353 0.66666667
v -0.97449736 -0.44836372 -4.10059471 0.69411765 0.05882353 0.66666667
v -6.10875034 -0.05962007 -5.34360985 0.69411765 0.05882353 0.66666667
v 3.51685081 5.67226735 -4.10059471 0.69411765 0.05882353 0.66666667
v 4.08787800 5.66009933 -4.96902535 0.69411765 0.05882353 0.66666667
v 4.08787800 0.07871366 -5.03013300 0.69411765 0.05882353 0.66666667
v 3.47392385 0.01915334 -4.10059471 0.69411765 0.05882353 0.66666667
v 1.18382557 -0.43107211 -4.10059471 0.69411765 0.05882353 0.66666667
v 0.74058064 -0.45732984 -4.11462539 0.69411765 0.05882353 0.66666667
v 0.37021165 -0.46053195 -4.13788699 0.69411765 0.05882353 0.66666667
v -5.56268051 -0.05449669 -5.97868647 0.69411765 0.05882353 0.66666667
v -6.10875034 0.43927810 -5.98662508 0.69411765 0.05882353 0.66666667
v -5.41792727 5.95854113 -5.05173281 0.69411765 0.05882353 0.66666667
v -5.17733708 5.96494535 -5.27899432 0.69411765 0.05882353 0.66666667
v -0.60612502 -0.45797026 -4.12847176 0.69411765 0.05882353 0.66666667
v -0.27968116 -0.46117237 -4.10059471 0.69411765 0.05882353 0.66666667
v -5.94702592 -0.04489015 -5.70748682 0.69411765 0.05882353 0.66666667
f 449 450 451
f 449 451 452
f 449 452 453
f 449 453 454
f 449 454 455
f 449 455 456
f 449 456 465
f 449 465 479
f 449 479 471
f 449 471 470
f 449 470 467
f 449 467 458
f 449 458 457
f 449 457 450
f 450 457 451
f 451 457 458
f 451 458 459
f 451 459 460
f 451 460 452
f 452 461 462
f 452 462 453
f 452 460 461
f 453 462 463
f 453 463 454
f 454 463 464
f 454 464 455
f 455 464 461
f 455 461 456
f 456 461 475
f 456 475 466
f 456 466 465
f 458 467 459
f 459 468 469
f 459 469 460
f 459 467 468
f 460 469 470
f 460 470 471
f 460 471 472
f 460 472 473
f 460 473 474
f 460 474 475
f 460 475 461
f 461 464 476
f 461 476 477
f 461 477 462
f 462 477 463
f 463 477 476
f 463 476 464
f 465 478 479
f 465 466 474
f 465 474 478
f 466 475 480
f 466 480 474
f 467 470 469
f 467 469 468
f 471 479 472
f 472 479 473
f 473 479 478
f 473 478 474
f 474 480 475

o geometry_15
v 4.08887601 5.05960168 10.79214191 0.67058824 0.20784314 0.12549020
v 4.08887601 5.05960168 8.94844906 0.67058824 0.20784314 0.12549020
v 4.08887601 5.00545458 10.97572987 0.67058824 0.20784314 0.12549020
v 9.51352219 5.05107829 10.80044192 0.67058824 0.20784314 0.12549020
v 9.51352219 5.05859858 10.24137720 0.67058824 0.20784314 0.12549020
v 7.47025292 5.05609210 6.38554095 0.67058824 0.20784314 0.12549020
v 4.08887601 4.62943508 6.38554095 0.67058824 0.20784314 0.12549020
v 4.08887601 4.87409841 11.12025632 0.67058824 0.20784314 0.12549020
v 9.51352219 4.97888301 10.95619869 0.67058824 0.20784314 0.12549020
v 9.51352219 4.53969190 6.56571105 0.67058824 0.20784314 0.12549020
v 9.21988186 4.88813673 6.38554095 0.67058824 0.20784314 0.12549020
v 9.08394760 4.99041401 6.38554095 0.67058824 0.20784314 0.12549020
v 8.91827703 5.05157942 6.38554095 0.67058824 0.20784314 0.12549020
v 4.08887601 -0.06027939 6.38554095 0.67058824 0.20784314 0.12549020
v 4.08887601 4.71215910 11.28480233 0.67058824 0.20784314 0.12549020
v 9.51352219 4.70062810 11.23402213 0.67058824 0.20784314 0.12549020
v 9.51352219 4.48805213 6.38651772 0.67058824 0.20784314 0.12549020
v 9.51352219 -0.06027939 6.38554095 0.67058824 0.20784314 0.12549020
v 9.51352219 -0.06128206 8.18333660 0.67058824 0.20784314 0.12549020
v 4.08887601 -0.05977805 10.79848923 0.67058824 0.20784314 0.12549020
v 9.51352219 -0.06128206 7.84447941 0.67058824 0.20784314 0.12549020
v 4.08887601 4.37524611 11.37366642 0.67058824 0.20784314 0.12549020
v 4.08940686 4.55373022 11.36390126 0.67058824 0.20784314 0.12549020
v 9.51352219 4.54119612 11.30286750 0.67058824 0.20784314 0.12549020
v 9.51352219 -0.06027939 10.74282686 0.67058824 0.20784314 0.12549020
v 4.08887601 -0.01766393 10.96645224 0.67058824 0.20784314 0.12549020
v 4.08887601 0.59148791 11.37366642 0.67058824 0.20784314 0.12549020
v 9.51352219 0.40949422 11.28675503 0.67058824 0.20784314 0.12549020
v 9.51352219 -0.00162046 10.92348535 0.67058824 0.20784314 0.12549020
v 4.08887601 0.08712026 11.08021890 0.67058824 0.20784314 0.12549020
v 4.08887601 0.42954861 11.36097179 0.67058824 0.20784314 0.12549020
v 4.08887601 0.21747355 11.21302664 0.67058824 0.20784314 0.12549020
f 481 482 487
f 481 487 494
f 481 494 500
f 481 500 506
f 481 506 510
f 481 510 512
f 481 512 511
f 481 511 507
f 481 507 502
f 481 502 495
f 481 495 488
f 481 488 483
f 481 483 484
f 481 484 485
f 481 485 482
f 482 485 486
f 482 486 487
f 483 488 489
f 483 489 484
f 484 489 496
f 484 496 504
f 484 504 508
f 484 508 509
f 484 509 505
f 484 505 499
f 484 499 501
f 484 501 498
f 484 498 497
f 484 497 490
f 484 490 485
f 485 490 491
f 485 491 492
f 485 492 493
f 485 493 486
f 486 493 492
f 486 492 491
f 486 491 498
f 486 498 494
f 486 494 487
f 488 495 489
f 489 495 496
f 490 497 491
f 491 497 498
f 494 499 500
f 494 498 501
f 494 501 499
f 495 502 503
f 495 503 496
f 496 503 504
f 499 505 500
f 500 505 506
f 502 507 504
f 502 504 503
f 504 507 508
f 505 509 506
f 506 509 510
f 507 511 508
f 508 511 512
f 508 512 509
f 509 512 510

o geometry_16
v 6.06746648 -0.06123047 -5.39926203 0.31372549 0.36078431 0.56862745
v 5.74412763 -0.05345027 -5.84856442 0.31372549 0.36078431 0.56862745
v 6.14977431 -0.04985936 -5.46587017 0.31372549 0.36078431 0.56862745
v 6.48280782 -0.05524562 -5.01414581 0.31372549 0.36078431 0.56862745
v 6.92419115 -0.05464724 -4.38439556 0.31372549 0.36078431 0.56862745
v 7.52049547 -0.05285189 3.21983595 0.31372549 0.36078431 0.56862745
v 6.30773731 -0.05524562 5.21323724 0.31372549 0.36078431 0.56862745
v 5.62456235 4.56077401 -5.98662508 0.31372549 0.36078431 0.56862745
v 7.56649715 0.43969089 -5.98662508 0.31372549 0.36078431 0.56862745
v 5.68976225 -0.03190525 5.95682676 0.31372549 0.36078431 0.56862745
v 5.67132378 0.43849413 6.38554095 0.31372549 0.36078431 0.56862745
v 7.54102550 -0.04686705 -3.27385564 0.31372549 0.36078431 0.56862745
v 7.56649715 0.43969089 6.38554095 0.31372549 0.36078431 0.56862745
v 6.96030790 -0.05165492 4.34975289 0.31372549 0.36078431 0.56862745
v 5.62456235 4.56077401 6.38554095 0.31372549 0.36078431 0.56862745
v 5.62475261 5.97436652 4.81237717 0.31372549 0.36078431 0.56862745
v 5.62475261 5.93187442 -4.87245199 0.31372549 0.36078431 0.56862745
v 7.56649715 4.62301472 -5.98662508 0.31372549 0.36078431 0.56862745
v 7.48171851 5.05630954 6.38069659 0.31372549 0.36078431 0.56862745
v 5.87661856 6.05156966 4.24439071 0.31372549 0.36078431 0.56862745
v 6.04085413 6.04019834 -4.05862116 0.31372549 0.36078431 0.56862745
v 6.46912155 6.04139510 -3.36710713 0.31372549 0.36078431 0.56862745
v 6.73980606 6.04917529 -2.69739230 0.31372549 0.36078431 0.56862745
v 6.99604413 6.03840278 -2.07611958 0.31372549 0.36078431 0.56862745
v 7.23479417 6.01506305 -1.06609747 0.31372549 0.36078431 0.56862745
v 7.40720361 5.92648859 -0.48478971 0.31372549 0.36078431 0.56862745
v 7.42792305 5.92110276 0.15585986 0.31372549 0.36078431 0.56862745
v 7.34504530 5.97975320 0.77349931 0.31372549 0.36078431 0.56862745
v 7.10553465 6.04378946 1.62002872 0.31372549 0.36078431 0.56862745
v 6.93027388 6.04319066 2.24251232 0.31372549 0.36078431 0.56862745
v 6.69152384 6.05276641 2.78264424 0.31372549 0.36078431 0.56862745
v 6.31800190 6.04797854 3.60616337 0.31372549 0.36078431 0.56862745
f 513 514 515
f 513 515 516
f 513 516 517
f 513 517 518
f 513 518 519
f 513 519 514
f 514 520 521
f 514 521 515
f 514 519 522
f 514 522 523
f 514 523 520
f 515 521 516
f 516 521 517
f 517 524 518
f 517 521 524
f 518 525 526
f 518 526 519
f 518 524 525
f 519 526 525
f 519 525 522
f 520 523 527
f 520 527 528
f 520 528 529
f 520 529 530
f 520 530 521
f 521 530 525
f 521 525 524
f 522 525 523
f 523 525 527
f 525 531 527
f 525 530 531
f 527 531 528
f 528 531 532
f 528 532 529
f 529 533 530
f 529 532 533
f 530 533 534
f 530 534 535
f 530 535 536
f 530 536 537
f 530 537 538
f 530 538 539
f 530 539 531
f 531 539 540
f 531 540 541
f 531 541 542
f 531 542 543
f 531 543 544
f 531 544 532
f 532 544 543
f 532 543 535
f 532 535 533
f 533 535 534
f 535 543 541
f 535 541 536
f 536 541 537
f 537 541 540
f 537 540 538
f 538 540 539
f 541 543 542

o geometry_17
v 4.13186795 -0.45929952 -0.58530748 0.43529412 0.98823529 0.10196078
v 4.12119524 -0.45865676 0.60395122 0.43529412 0.98823529 0.10196078
v 4.08887601 -0.45287194 -0.97526806 0.43529412 0.98823529 0.10196078
v 5.55015320 -0.05950731 -5.94544908 0.43529412 0.98823529 0.10196078
v 5.62381066 -0.05950731 5.90111811 0.43529412 0.98823529 0.10196078
v 4.08887601 -0.45222918 0.97332386 0.43529412 0.98823529 0.10196078
v 4.08887601 -0.06015007 -5.98662508 0.43529412 0.98823529 0.10196078
v 5.62456235 4.56059989 -5.98662508 0.43529412 0.98823529 0.10196078
v 5.62456235 0.43862621 6.38554095 0.43529412 0.98823529 0.10196078
v 5.44928715 -0.04536664 6.18087215 0.43529412 0.98823529 0.10196078
v 5.17164293 -0.05050870 6.36374196 0.43529412 0.98823529 0.10196078
v 4.08887601 -0.06015007 6.38554095 0.43529412 0.98823529 0.10196078
v 4.23679271 6.05692831 -5.84735365 0.43529412 0.98823529 0.10196078
v 4.48271862 5.94830287 -5.91396180 0.43529412 0.98823529 0.10196078
v 4.08887601 6.10706300 0.00084446 0.43529412 0.98823529 0.10196078
v 5.09588116 5.90909527 -5.45860384 0.43529412 0.98823529 0.10196078
v 5.40208617 5.95087390 -5.06743249 0.43529412 0.98823529 0.10196078
v 5.59555013 6.04214509 -4.63750669 0.43529412 0.98823529 0.10196078
v 5.62456235 4.56059989 6.38554095 0.43529412 0.98823529 0.10196078
v 4.08887601 4.62937477 6.38554095 0.43529412 0.98823529 0.10196078
v 4.56464423 6.06014231 -5.56517722 0.43529412 0.98823529 0.10196078
v 4.84288938 6.05628534 -5.39926203 0.43529412 0.98823529 0.10196078
v 4.74668379 5.95922996 -5.68507162 0.43529412 0.98823529 0.10196078
v 4.12329955 5.78568661 6.30803331 0.43529412 0.98823529 0.10196078
v 4.14494607 6.02350490 6.02706807 0.43529412 0.98823529 0.10196078
v 4.42544628 6.05949934 5.70492641 0.43529412 0.98823529 0.10196078
v 5.56743993 6.04728715 4.68642678 0.43529412 0.98823529 0.10196078
v 5.10550151 6.03571709 -5.21639221 0.43529412 0.98823529 0.10196078
v 5.44613048 5.96244311 5.01341238 0.43529412 0.98823529 0.10196078
v 5.14984649 5.95473087 5.33918720 0.43529412 0.98823529 0.10196078
v 4.54029205 5.96758518 5.84783142 0.43529412 0.98823529 0.10196078
f 545 546 547
f 545 547 548
f 545 548 549
f 545 549 546
f 546 549 550
f 546 550 547
f 547 551 548
f 547 550 556
f 547 556 564
f 547 564 559
f 547 559 551
f 548 551 552
f 548 552 549
f 549 553 554
f 549 554 555
f 549 555 550
f 549 552 553
f 550 555 556
f 551 557 558
f 551 558 552
f 551 559 557
f 552 558 560
f 552 560 561
f 552 561 562
f 552 562 563
f 552 563 553
f 553 556 555
f 553 555 554
f 553 563 564
f 553 564 556
f 557 559 565
f 557 565 566
f 557 566 558
f 558 566 567
f 558 567 560
f 559 562 566
f 559 566 565
f 559 564 568
f 559 568 569
f 559 569 570
f 559 570 571
f 559 571 562
f 560 567 572
f 560 572 561
f 561 572 562
f 562 572 566
f 562 571 563
f 563 571 573
f 563 573 574
f 563 574 575
f 563 575 568
f 563 568 564
f 566 572 567
f 568 575 569
f 569 575 570
f 570 575 574
f 570 574 571
f 571 574 573

o geometry_18
v 4.08787800 5.04593793 8.89808929 0.20784314 0.16078431 0.65098039
v 3.15147344 5.04493907 11.12515377 0.20784314 0.16078431 0.65098039
v 4.06791195 4.87115110 11.07740580 0.20784314 0.16078431 0.65098039
v 4.08787800 -0.05534096 9.77375780 0.20784314 0.16078431 0.65098039
v 4.08787800 4.56053025 7.56290093 0.20784314 0.16078431 0.65098039
v -6.06781981 5.04094365 7.70702054 0.20784314 0.16078431 0.65098039
v -1.75916053 5.02396482 11.50056598 0.20784314 0.16078431 0.65098039
v 1.20478984 5.00848342 11.58292052 0.20784314 0.16078431 0.65098039
v 1.87564686 4.97652262 11.49837546 0.20784314 0.16078431 0.65098039
v 2.34584579 4.57251480 11.80063261 0.20784314 0.16078431 0.65098039
v 4.07090682 0.15540208 11.10587910 0.20784314 0.16078431 0.65098039
v 3.18142209 4.53506115 11.62278298 0.20784314 0.16078431 0.65098039
v 4.08787800 0.43955541 7.56290093 0.20784314 0.16078431 0.65098039
v 2.47163140 0.05901961 11.44274282 0.20784314 0.16078431 0.65098039
v -6.10875034 -0.03436650 10.82727765 0.20784314 0.16078431 0.65098039
v -6.10875034 -0.04685133 8.57787144 0.20784314 0.16078431 0.65098039
v -3.17375062 -0.05134575 7.56290093 0.20784314 0.16078431 0.65098039
v 3.12451923 -0.05034711 7.56290093 0.20784314 0.16078431 0.65098039
v -6.10875034 0.43955541 7.56290093 0.20784314 0.16078431 0.65098039
v -6.10875034 4.82570662 11.06645492 0.20784314 0.16078431 0.65098039
v -1.44170143 4.61746071 11.92942031 0.20784314 0.16078431 0.65098039
v -0.81277294 4.89362364 11.73623876 0.20784314 0.16078431 0.65098039
v 0.58384763 4.77077386 11.86239852 0.20784314 0.16078431 0.65098039
v 1.54021835 4.56053025 11.93161082 0.20784314 0.16078431 0.65098039
v 2.15616894 0.48000605 11.86283594 0.20784314 0.16078431 0.65098039
v 3.12052593 0.17338019 11.38272916 0.20784314 0.16078431 0.65098039
v 1.60211294 0.19884907 11.73799101 0.20784314 0.16078431 0.65098039
v 0.56587833 0.17437883 11.80632761 0.20784314 0.16078431 0.65098039
v -0.58715729 0.16439113 11.79187140 0.20784314 0.16078431 0.65098039
v -1.48961980 0.16239342 11.71784064 0.20784314 0.16078431 0.65098039
v -6.10875034 0.37813053 11.26576889 0.20784314 0.16078431 0.65098039
v -0.38250596 4.55353826 12.03762022 0.20784314 0.16078431 0.65098039
f 576 577 578
f 576 578 579
f 576 579 588
f 576 588 580
f 576 580 581
f 576 581 577
f 577 581 582
f 577 582 583
f 577 583 584
f 577 584 585
f 577 585 578
f 578 586 579
f 578 585 587
f 578 587 586
f 579 586 589
f 579 589 590
f 579 590 591
f 579 591 592
f 579 592 593
f 579 593 588
f 580 588 593
f 580 593 592
f 580 592 594
f 580 594 581
f 581 594 595
f 581 595 582
f 582 595 596
f 582 596 597
f 582 597 583
f 583 597 598
f 583 598 599
f 583 599 585
f 583 585 584
f 585 599 600
f 585 600 587
f 586 587 600
f 586 600 601
f 586 601 589
f 589 601 600
f 589 600 602
f 589 602 603
f 589 603 604
f 589 604 590
f 590 604 605
f 590 605 606
f 590 606 595
f 590 595 594
f 590 594 591
f 591 594 592
f 595 606 596
f 596 607 597
f 596 606 607
f 597 607 598
f 598 607 599
f 599 607 600
f 600 607 604
f 600 604 603
f 600 603 602
f 604 607 605
f 605 607 606

o geometry_19
v -5.34362387 6.05880541 4.53833427 0.25098039 0.46274510 0.24313725
v -4.25243209 6.06123120 3.06113528 0.25098039 0.46274510 0.24313725
v -5.56615271 6.06062475 4.53078722 0.25098039 0.46274510 0.24313725
v -6.10974877 4.61389847 4.53833427 0.25098039 0.46274510 0.24313725
v -5.11509553 5.95932339 4.53833427 0.25098039 0.46274510 0.24313725
v -4.25243209 6.03757465 3.20975504 0.25098039 0.46274510 0.24313725
v -4.25243209 6.06123120 1.57290589 0.25098039 0.46274510 0.24313725
v -5.95594215 6.06123120 4.06315763 0.25098039 0.46274510 0.24313725
v -5.84449553 6.05759166 4.28579689 0.25098039 0.46274510 0.24313725
v -5.73304935 6.05152549 4.46025076 0.25098039 0.46274510 0.24313725
v -5.86303975 6.00299865 4.46953985 0.25098039 0.46274510 0.24313725
v -5.97994014 5.88956495 4.50814609 0.25098039 0.46274510 0.24313725
v -6.08284170 5.71729225 4.48608508 0.25098039 0.46274510 0.24313725
v -6.10974877 5.86105512 4.37113696 0.25098039 0.46274510 0.24313725
v -6.10974877 -0.06112005 4.53833427 0.25098039 0.46274510 0.24313725
v -4.96128847 5.79008378 4.53833427 0.25098039 0.46274510 0.24313725
v -4.25243209 5.94719189 3.33544318 0.25098039 0.46274510 0.24313725
v -6.10974877 6.06123120 1.57290589 0.25098039 0.46274510 0.24313725
v -4.25243209 -0.13573092 1.57290589 0.25098039 0.46274510 0.24313725
v -6.08847767 6.06001830 3.81265193 0.25098039 0.46274510 0.24313725
v -5.95594215 6.05334568 4.17433202 0.25098039 0.46274510 0.24313725
v -5.99902964 5.99814537 4.30060092 0.25098039 0.46274510 0.24313725
v -6.09811331 5.98844051 4.18042792 0.25098039 0.46274510 0.24313725
v -6.10938524 -0.05080789 1.59380561 0.25098039 0.46274510 0.24313725
v -4.96565209 -0.00773972 4.53833427 0.25098039 0.46274510 0.24313725
v -4.91601938 5.59961341 4.53833427 0.25098039 0.46274510 0.24313725
v -4.25243209 5.83133240 3.44748860 0.25098039 0.46274510 0.24313725
v -4.25243209 -0.02715071 3.44864968 0.25098039 0.46274510 0.24313725
v -6.08847767 6.04424642 4.00800573 0.25098039 0.46274510 0.24313725
v -4.91656467 0.16271321 4.53833427 0.25098039 0.46274510 0.24313725
v -4.25243209 5.65602662 3.50612374 0.25098039 0.46274510 0.24313725
v -4.25243209 0.14572844 3.50786537 0.25098039 0.46274510 0.24313725
f 608 609 610
f 608 610 611
f 608 611 622
f 608 622 632
f 608 632 637
f 608 637 633
f 608 633 623
f 608 623 612
f 608 612 613
f 608 613 609
f 609 614 625
f 609 625 615
f 609 615 610
f 609 613 624
f 609 624 634
f 609 634 638
f 609 638 639
f 609 639 635
f 609 635 626
f 609 626 614
f 610 615 616
f 610 616 617
f 610 617 618
f 610 618 619
f 610 619 611
f 611 619 620
f 611 620 621
f 611 621 625
f 611 625 622
f 612 623 624
f 612 624 613
f 614 626 625
f 615 625 627
f 615 627 628
f 615 628 616
f 616 628 617
f 617 628 618
f 618 628 629
f 618 629 619
f 619 621 620
f 619 629 630
f 619 630 621
f 621 630 625
f 622 631 626
f 622 626 632
f 622 625 631
f 623 633 634
f 623 634 624
f 625 630 627
f 625 626 631
f 626 635 632
f 627 630 636
f 627 636 628
f 628 636 629
f 629 636 630
f 632 635 637
f 633 638 634
f 633 637 639
f 633 639 638
f 635 639 637

o geometry_20
v -4.16739949 6.06029689 1.57290578 0.15686275 0.10980392 0.65490196
v -4.16739949 6.06412923 0.05559899 0.15686275 0.10980392 0.65490196
v -6.10974877 6.06029689 1.57290578 0.15686275 0.10980392 0.65490196
v -4.16739949 -0.27345013 1.57290578 0.15686275 0.10980392 0.65490196
v -4.16739949 6.06412923 -0.05507948 0.15686275 0.10980392 0.65490196
v -6.10974877 6.06029689 -1.55920296 0.15686275 0.10980392 0.65490196
v -6.10974877 -0.06013245 -1.55920296 0.15686275 0.10980392 0.65490196
v -6.10936868 -0.04033351 1.57259916 0.15686275 0.10980392 0.65490196
v -4.16739949 -0.29771971 1.52047908 0.15686275 0.10980392 0.65490196
v -4.16739949 6.06029689 -1.55920296 0.15686275 0.10980392 0.65490196
v -4.16739949 -0.29644247 -1.52425186 0.15686275 0.10980392 0.65490196
v -4.16739949 -0.33731758 -1.40406909 0.15686275 0.10980392 0.65490196
v -4.16739949 -0.38394099 -1.24648257 0.15686275 0.10980392 0.65490196
v -4.16739949 -0.41906823 -1.05701085 0.15686275 0.10980392 0.65490196
v -4.16739949 -0.43184163 -0.94571924 0.15686275 0.10980392 0.65490196
v -4.16739949 -0.44269908 -0.83473421 0.15686275 0.10980392 0.65490196
v -4.17120210 -0.45100185 -0.72344255 0.15686275 0.10980392 0.65490196
v -4.17120210 -0.45611142 -0.61184428 0.15686275 0.10980392 0.65490196
v -4.17120210 -0.45866610 -0.50055268 0.15686275 0.10980392 0.65490196
v -4.17120210 -0.46058206 -0.38926099 0.15686275 0.10980392 0.65490196
v -4.17120210 -0.46058206 0.39315300 0.15686275 0.10980392 0.65490196
v -4.17120210 -0.45930462 0.50444463 0.15686275 0.10980392 0.65490196
v -4.17120210 -0.45611142 0.61573629 0.15686275 0.10980392 0.65490196
v -4.17120210 -0.45100185 0.72702794 0.15686275 0.10980392 0.65490196
v -4.16739949 -0.44269908 0.84230525 0.15686275 0.10980392 0.65490196
v -4.16739949 -0.43184163 0.95359690 0.15686275 0.10980392 0.65490196
v -4.16739949 -0.41842951 1.06488851 0.15686275 0.10980392 0.65490196
v -4.16739949 -0.38968908 1.22155527 0.15686275 0.10980392 0.65490196
v -4.16739949 -0.37499950 1.28011365 0.15686275 0.10980392 0.65490196
v -4.16739949 -0.34114971 1.39140536 0.15686275 0.10980392 0.65490196
f 640 641 642
f 640 642 643
f 640 643 648
f 640 648 669
f 640 669 668
f 640 668 667
f 640 667 666
f 640 666 665
f 640 665 664
f 640 664 655
f 640 655 654
f 640 654 653
f 640 653 652
f 640 652 651
f 640 651 650
f 640 650 649
f 640 649 644
f 640 644 641
f 641 644 645
f 641 645 642
f 642 645 646
f 642 646 647
f 642 647 643
f 643 647 648
f 644 649 645
f 645 649 646
f 646 649 650
f 646 650 651
f 646 651 652
f 646 652 653
f 646 653 654
f 646 654 655
f 646 655 656
f 646 656 657
f 646 657 658
f 646 658 659
f 646 659 660
f 646 660 647
f 647 660 661
f 647 661 662
f 647 662 663
f 647 663 664
f 647 664 665
f 647 665 666
f 647 666 667
f 647 667 668
f 647 668 669
f 647 669 648
f 655 664 660
f 655 660 659
f 655 659 658
f 655 658 657
f 655 657 656
f 660 664 661
f 661 664 662
f 662 664 663

o geometry_21
v 9.51399189 -0.06134364 7.84344828 0.13725490 0.19607843 0.36862745
v 9.69665913 -0.30225171 8.01442060 0.13725490 0.19607843 0.36862745
v 9.51399189 -0.06134364 8.18250592 0.13725490 0.19607843 0.36862745
v 9.51399189 -0.06029404 6.38554095 0.13725490 0.19607843 0.36862745
v 9.73187725 -0.30225171 7.67969388 0.13725490 0.19607843 0.36862745
v 12.25728415 -0.30225171 8.34357888 0.13725490 0.19607843 0.36862745
v 9.74784279 -0.30172680 8.36977163 0.13725490 0.19607843 0.36862745
v 9.51399189 -0.06081895 8.44876099 0.13725490 0.19607843 0.36862745
v 9.51399189 4.55684569 6.68046340 0.13725490 0.19607843 0.36862745
v 9.61448210 4.53060368 6.42699511 0.13725490 0.19607843 0.36862745
v 13.13633908 5.05703150 6.38966547 0.13725490 0.19607843 0.36862745
v 13.85151136 5.01976725 6.38554095 0.13725490 0.19607843 0.36862745
v 13.83883202 -0.02932763 6.38554095 0.13725490 0.19607843 0.36862745
v 11.02228618 -0.30225171 6.69634400 0.13725490 0.19607843 0.36862745
v 10.57430582 -0.30225171 6.76914657 0.13725490 0.19607843 0.36862745
v 10.13289955 -0.30225171 7.03003959 0.13725490 0.19607843 0.36862745
v 9.85866469 -0.30225171 7.36662260 0.13725490 0.19607843 0.36862745
v 12.30001576 -0.30225171 7.90531951 0.13725490 0.19607843 0.36862745
v 13.86888599 -0.02355428 8.49248381 0.13725490 0.19607843 0.36862745
v 9.51399189 4.56052005 8.49248381 0.13725490 0.19607843 0.36862745
v 13.69889724 5.05965604 8.49248381 0.13725490 0.19607843 0.36862745
v 13.94354868 4.98407689 8.49248381 0.13725490 0.19607843 0.36862745
v 14.17552163 4.75471574 6.38554095 0.13725490 0.19607843 0.36862745
v 12.17933357 -0.30225171 7.44746782 0.13725490 0.19607843 0.36862745
v 11.96191706 -0.30225171 7.11727884 0.13725490 0.19607843 0.36862745
v 11.68392545 -0.30225171 6.88484681 0.13725490 0.19607843 0.36862745
v 11.38245481 -0.30225171 6.75099731 0.13725490 0.19607843 0.36862745
v 14.27037799 0.39055548 6.38554095 0.13725490 0.19607843 0.36862745
v 14.26943859 0.38898118 8.49248381 0.13725490 0.19607843 0.36862745
v 14.17740043 4.75314102 8.49248381 0.13725490 0.19607843 0.36862745
v 14.31123081 4.48651563 6.38554095 0.13725490 0.19607843 0.36862745
v 14.31123081 4.48651563 8.49248381 0.13725490 0.19607843 0.36862745
f 670 671 672
f 670 672 677
f 670 677 689
f 670 689 678
f 670 678 673
f 670 673 671
f 671 674 686
f 671 686 685
f 671 685 684
f 671 684 683
f 671 683 696
f 671 696 695
f 671 695 694
f 671 694 693
f 671 693 687
f 671 687 675
f 671 675 676
f 671 676 677
f 671 677 672
f 671 673 674
f 673 678 679
f 673 679 680
f 673 680 681
f 673 681 692
f 673 692 700
f 673 700 697
f 673 697 682
f 673 682 683
f 673 683 684
f 673 684 685
f 673 685 686
f 673 686 674
f 675 687 688
f 675 688 676
f 676 688 677
f 677 688 689
f 678 689 680
f 678 680 679
f 680 689 690
f 680 690 681
f 681 691 692
f 681 690 691
f 682 688 687
f 682 687 693
f 682 693 694
f 682 694 695
f 682 695 696
f 682 696 683
f 682 697 688
f 688 697 698
f 688 698 701
f 688 701 699
f 688 699 691
f 688 691 690
f 688 690 689
f 691 699 692
f 692 699 700
f 697 700 701
f 697 701 698
f 699 701 700

o geometry_22
v 4.08887601 3.25961126 3.52412054 0.81960784 0.09411765 0.83529412
v 4.08887601 0.08473120 3.48522403 0.81960784 0.09411765 0.83529412
v 4.08887601 3.25961126 1.57290589 0.81960784 0.09411765 0.83529412
v 3.56887025 3.25961126 4.53833427 0.81960784 0.09411765 0.83529412
v 3.90353242 -0.43136429 1.65069913 0.81960784 0.09411765 0.83529412
v 3.48585702 0.00897411 4.53833427 0.81960784 0.09411765 0.83529412
v 2.67974353 -0.39348574 1.57290589 0.81960784 0.09411765 0.83529412
v 2.47925956 3.25961126 1.57290589 0.81960784 0.09411765 0.83529412
v -1.24483905 3.25961126 4.53833427 0.81960784 0.09411765 0.83529412
v 3.61794705 -0.45649534 2.11542612 0.81960784 0.09411765 0.83529412
v -1.24483905 -0.38328762 2.82282117 0.81960784 0.09411765 0.83529412
v 3.32348581 -0.45394575 2.55896323 0.81960784 0.09411765 0.83529412
v -0.08317917 -0.10466153 4.53833427 0.81960784 0.09411765 0.83529412
v 0.10164217 -0.34431657 4.38245773 0.81960784 0.09411765 0.83529412
v 0.50156634 -0.41133241 4.28579689 0.81960784 0.09411765 0.83529412
v 0.87747421 -0.45321742 4.11889006 0.81960784 0.09411765 0.83529412
v 1.36406607 -0.45904492 3.95169275 0.81960784 0.09411765 0.83529412
v 1.78069727 -0.45467430 3.81265193 0.81960784 0.09411765 0.83529412
v 2.28190784 -0.45358159 3.53428023 0.81960784 0.09411765 0.83529412
v 2.56018398 -0.45685950 3.33950698 0.81960784 0.09411765 0.83529412
v 2.79669276 -0.45430992 3.14473393 0.81960784 0.09411765 0.83529412
v 2.33307302 -0.10029112 1.57290589 0.81960784 0.09411765 0.83529412
v -1.24483905 0.13462892 2.35315968 0.81960784 0.09411765 0.83529412
v 2.29913702 2.78285098 1.57290589 0.81960784 0.09411765 0.83529412
v -1.24483905 2.79814807 2.32848644 0.81960784 0.09411765 0.83529412
v -1.24483905 3.25961126 2.65620462 0.81960784 0.09411765 0.83529412
v -1.24483905 -0.06168403 4.53833427 0.81960784 0.09411765 0.83529412
v 2.50484204 -0.46123013 3.28377475 0.81960784 0.09411765 0.83529412
v 0.41803128 -0.46013742 4.17433202 0.81960784 0.09411765 0.83529412
v -1.06993735 -0.41570304 4.14153119 0.81960784 0.09411765 0.83529412
v -0.69350739 -0.09045716 4.53833427 0.81960784 0.09411765 0.83529412
v -0.35049149 -0.39894908 4.27679828 0.81960784 0.09411765 0.83529412
f 702 703 704
f 702 704 709
f 702 709 727
f 702 727 710
f 702 710 705
f 702 705 703
f 703 706 704
f 703 705 707
f 703 707 706
f 704 706 708
f 704 708 723
f 704 723 725
f 704 725 709
f 705 710 728
f 705 728 732
f 705 732 714
f 705 714 707
f 706 707 711
f 706 711 712
f 706 712 708
f 707 713 711
f 707 714 715
f 707 715 716
f 707 716 717
f 707 717 718
f 707 718 719
f 707 719 720
f 707 720 721
f 707 721 722
f 707 722 713
f 708 712 724
f 708 724 723
f 709 725 726
f 709 726 727
f 710 727 726
f 710 726 724
f 710 724 712
f 710 712 728
f 711 713 729
f 711 729 730
f 711 730 712
f 712 730 731
f 712 731 728
f 713 722 729
f 714 732 715
f 715 732 728
f 715 728 733
f 715 733 716
f 716 733 730
f 716 730 717
f 717 730 718
f 718 730 729
f 718 729 719
f 719 729 721
f 719 721 720
f 721 729 722
f 723 724 726
f 723 726 725
f 728 731 733
f 730 733 731

o geometry_23
v -4.25243209 0.05953624 3.47535482 0.09411765 0.97254902 0.46666667
v -4.18530880 -0.23879981 1.57290589 0.09411765 0.97254902 0.46666667
v -3.80877075 -0.44533976 1.84256957 0.09411765 0.97254902 0.46666667
v -3.53438980 -0.45240097 2.31019916 0.09411765 0.97254902 0.46666667
v -3.47609844 0.00569449 4.53833427 0.09411765 0.97254902 0.46666667
v -3.55735305 5.68467064 4.53833427 0.09411765 0.97254902 0.46666667
v -4.25243209 5.68731897 3.49190026 0.09411765 0.97254902 0.46666667
v -4.25243209 6.06067996 1.57290589 0.09411765 0.97254902 0.46666667
v -2.69269934 -0.41003373 1.57290589 0.09411765 0.97254902 0.46666667
v -1.65611596 -0.45328388 3.86838437 0.09411765 0.97254902 0.46666667
v -2.15718521 -0.45593178 3.60394567 0.09411765 0.97254902 0.46666667
v -2.67209138 -0.45416638 3.25619880 0.09411765 0.97254902 0.46666667
v -3.12370129 -0.44798809 2.85997606 0.09411765 0.97254902 0.46666667
v -1.24483873 -0.43563066 4.04545089 0.09411765 0.97254902 0.46666667
v -1.24483873 -0.06050426 4.53833427 0.09411765 0.97254902 0.46666667
v -3.25117671 6.01125109 4.53833427 0.09411765 0.97254902 0.46666667
v -4.25243209 6.02449101 3.16969744 0.09411765 0.97254902 0.46666667
v -3.48434175 7.44555964 1.81586443 0.09411765 0.97254902 0.46666667
v -1.91077219 8.50032720 1.70701200 0.09411765 0.97254902 0.46666667
v -1.24483873 8.56123015 1.57290589 0.09411765 0.97254902 0.46666667
v -2.36385426 -0.16112655 1.57290589 0.09411765 0.97254902 0.46666667
v -1.24954921 -0.36590151 2.78711764 0.09411765 0.97254902 0.46666667
v -1.24483873 -0.00666251 2.38334807 0.09411765 0.97254902 0.46666667
v -1.24483873 6.06067996 4.53833427 0.09411765 0.97254902 0.46666667
v -1.29341483 7.43761551 3.72382861 0.09411765 0.97254902 0.46666667
v -1.78005845 7.54794648 3.39349779 0.09411765 0.97254902 0.46666667
v -2.30762389 7.54618150 3.05765203 0.09411765 0.97254902 0.46666667
v -2.68180664 7.50734508 2.78653710 0.09411765 0.97254902 0.46666667
v -3.04627413 7.48616104 2.42195431 0.09411765 0.97254902 0.46666667
v -1.48595256 8.48355731 2.14851721 0.09411765 0.97254902 0.46666667
v -1.24483873 3.38977833 1.57290589 0.09411765 0.97254902 0.46666667
v -1.98702191 0.05600585 1.77029158 0.09411765 0.97254902 0.46666667
f 734 735 736
f 734 736 737
f 734 737 738
f 734 738 739
f 734 739 740
f 734 740 750
f 734 750 741
f 734 741 735
f 735 742 736
f 735 741 753
f 735 753 764
f 735 764 754
f 735 754 742
f 736 742 743
f 736 743 737
f 737 743 744
f 737 744 745
f 737 745 746
f 737 746 738
f 738 746 745
f 738 745 744
f 738 744 743
f 738 743 747
f 738 747 748
f 738 748 757
f 738 757 749
f 738 749 739
f 739 749 750
f 739 750 740
f 741 750 751
f 741 751 752
f 741 752 753
f 742 747 743
f 742 754 755
f 742 755 747
f 747 755 756
f 747 756 764
f 747 764 753
f 747 753 757
f 747 757 748
f 749 757 758
f 749 758 759
f 749 759 760
f 749 760 761
f 749 761 762
f 749 762 750
f 750 762 751
f 751 762 752
f 752 763 753
f 752 762 761
f 752 761 763
f 753 763 758
f 753 758 757
f 754 765 756
f 754 756 755
f 754 764 765
f 756 765 764
f 758 763 759
f 759 763 760
f 760 763 761

o geometry_24
v 0.66196331 -0.09223233 4.53862475 0.97647059 0.60392157 0.73725490
v 3.48574490 0.00896009 4.53862475 0.97647059 0.60392157 0.73725490
v 4.05331899 -0.05247817 7.10638741 0.97647059 0.60392157 0.73725490
v 3.79536096 -0.05428499 7.25584826 0.97647059 0.60392157 0.73725490
v 3.12815961 -0.05548981 7.54707384 0.97647059 0.60392157 0.73725490
v 0.66196331 -0.06091068 7.56187235 0.97647059 0.60392157 0.73725490
v 0.66196331 6.06123120 4.53862475 0.97647059 0.60392157 0.73725490
v 4.08887601 0.07521703 5.00742774 0.97647059 0.60392157 0.73725490
v 3.55719465 5.68055461 4.53862475 0.97647059 0.60392157 0.73725490
v 3.52767556 -0.04765929 7.44200724 0.97647059 0.60392157 0.73725490
v 4.08887601 0.43902796 7.56187235 0.97647059 0.60392157 0.73725490
v 0.66196331 4.61923929 7.56187235 0.97647059 0.60392157 0.73725490
v 0.78037557 6.05038904 7.21322961 0.97647059 0.60392157 0.73725490
v 2.61593426 6.06062900 6.73495533 0.97647059 0.60392157 0.73725490
v 4.01373598 6.05520749 6.03648627 0.97647059 0.60392157 0.73725490
v 3.22946437 6.02087441 4.54898319 0.97647059 0.60392157 0.73725490
v 0.66967852 5.79078281 7.50119957 0.97647059 0.60392157 0.73725490
v 4.08887601 5.65585929 4.97487196 0.97647059 0.60392157 0.73725490
v 4.08887601 6.02087441 5.26136275 0.97647059 0.60392157 0.73725490
v 4.08887601 4.56021003 7.56187235 0.97647059 0.60392157 0.73725490
v 1.33654448 6.04195653 7.18037783 0.97647059 0.60392157 0.73725490
v 1.01183306 5.91847737 7.38429536 0.97647059 0.60392157 0.73725490
v 2.51462971 5.97389257 6.95663057 0.97647059 0.60392157 0.73725490
v 2.89804402 5.98533693 6.77431836 0.97647059 0.60392157 0.73725490
v 3.40288965 6.00943005 6.49167520 0.97647059 0.60392157 0.73725490
v 3.75007573 6.03954688 6.24484301 0.97647059 0.60392157 0.73725490
v 4.00736276 5.94678760 6.26200870 0.97647059 0.60392157 0.73725490
v 1.30937336 5.81547813 7.42099477 0.97647059 0.60392157 0.73725490
v 3.76416459 5.89438425 6.47539710 0.97647059 0.60392157 0.73725490
v 3.15365355 5.95281045 6.72282086 0.97647059 0.60392157 0.73725490
v 2.14597485 5.96064076 7.09099732 0.97647059 0.60392157 0.73725490
v 1.58343240 5.97690442 7.20938198 0.97647059 0.60392157 0.73725490
f 766 767 768
f 766 768 769
f 766 769 770
f 766 770 771
f 766 771 777
f 766 777 772
f 766 772 774
f 766 774 767
f 767 773 768
f 767 774 773
f 768 775 769
f 768 773 776
f 768 776 775
f 769 775 770
f 770 775 776
f 770 776 771
f 771 776 785
f 771 785 777
f 772 778 779
f 772 779 780
f 772 780 781
f 772 781 774
f 772 777 782
f 772 782 778
f 773 774 783
f 773 783 784
f 773 784 785
f 773 785 776
f 774 781 784
f 774 784 783
f 777 785 782
f 778 786 779
f 778 782 787
f 778 787 786
f 779 786 788
f 779 788 789
f 779 789 790
f 779 790 791
f 779 791 780
f 780 784 781
f 780 791 792
f 780 792 785
f 780 785 784
f 782 785 793
f 782 793 787
f 785 794 795
f 785 795 788
f 785 788 796
f 785 796 793
f 785 792 794
f 786 787 797
f 786 797 796
f 786 796 788
f 787 793 797
f 788 795 789
f 789 795 790
f 790 795 792
f 790 792 791
f 792 795 794
f 793 796 797

o geometry_25
v 9.51399189 -0.06032950 8.49275476 0.03529412 0.28235294 0.11764706
v 13.86855814 -0.02359505 8.49275476 0.03529412 0.28235294 0.11764706
v 12.13306265 -0.30225150 8.63408419 0.03529412 0.28235294 0.11764706
v 9.99302253 -0.30172680 8.80694041 0.03529412 0.28235294 0.11764706
v 9.51399189 -0.03041716 10.83419234 0.03529412 0.28235294 0.11764706
v 9.51399189 4.56085555 8.49275476 0.03529412 0.28235294 0.11764706
v 14.26984459 0.38940416 8.49275476 0.03529412 0.28235294 0.11764706
v 14.13949576 0.28864704 9.22222951 0.03529412 0.28235294 0.11764706
v 13.70376071 -0.03933848 9.23418774 0.03529412 0.28235294 0.11764706
v 11.63029052 -0.30225150 9.12873468 0.03529412 0.28235294 0.11764706
v 10.46274157 -0.30225150 9.18825571 0.03529412 0.28235294 0.11764706
v 12.64235196 -0.04458607 10.30448171 0.03529412 0.28235294 0.11764706
v 12.20708236 0.14695747 10.96736786 0.03529412 0.28235294 0.11764706
v 9.51399189 0.30334086 11.20980075 0.03529412 0.28235294 0.11764706
v 10.96597914 -0.30225150 9.29533955 0.03529412 0.28235294 0.11764706
v 9.51399189 5.05886868 10.24197091 0.03529412 0.28235294 0.11764706
v 13.82107347 5.02160953 8.49275476 0.03529412 0.28235294 0.11764706
v 14.24424045 4.62015490 8.49275476 0.03529412 0.28235294 0.11764706
v 13.73960567 0.30386556 9.70464912 0.03529412 0.28235294 0.11764706
v 13.83224604 4.56400415 9.72775103 0.03529412 0.28235294 0.11764706
v 13.13907234 0.31121257 10.35612063 0.03529412 0.28235294 0.11764706
v 12.75361383 0.00264378 10.30448171 0.03529412 0.28235294 0.11764706
v 12.90630779 0.48019037 10.67981833 0.03529412 0.28235294 0.11764706
v 12.34301662 4.55035993 11.15897723 0.03529412 0.28235294 0.11764706
v 9.51399189 4.62120472 11.26905084 0.03529412 0.28235294 0.11764706
v 9.51399189 4.99379618 10.89969291 0.03529412 0.28235294 0.11764706
v 12.20894417 4.96703266 10.84533602 0.03529412 0.28235294 0.11764706
v 12.70054373 4.99432109 10.36264376 0.03529412 0.28235294 0.11764706
v 13.17119452 5.01006410 9.81825610 0.03529412 0.28235294 0.11764706
v 13.97888826 4.82114467 9.24832034 0.03529412 0.28235294 0.11764706
v 12.90630779 4.48686132 10.67981833 0.03529412 0.28235294 0.11764706
f 798 799 800
f 798 800 801
f 798 801 802
f 798 802 811
f 798 811 822
f 798 822 823
f 798 823 813
f 798 813 803
f 798 803 814
f 798 814 815
f 798 815 804
f 798 804 799
f 799 804 805
f 799 805 806
f 799 806 800
f 800 807 812
f 800 812 808
f 800 808 801
f 800 806 809
f 800 809 807
f 801 808 802
f 802 810 811
f 802 808 812
f 802 812 809
f 802 809 810
f 803 813 814
f 804 815 805
f 805 816 806
f 805 815 817
f 805 817 816
f 806 816 818
f 806 818 819
f 806 819 809
f 807 809 812
f 809 819 810
f 810 819 818
f 810 818 820
f 810 820 821
f 810 821 811
f 811 821 822
f 813 823 824
f 813 824 825
f 813 825 826
f 813 826 814
f 814 826 827
f 814 827 815
f 815 827 817
f 816 817 820
f 816 820 818
f 817 827 825
f 817 825 821
f 817 821 828
f 817 828 820
f 820 828 821
f 821 825 824
f 821 824 822
f 822 824 823
f 825 827 826

o geometry_26
v -1.24483905 8.56123100 1.57290589 0.29411765 0.11764706 0.31764706
v -1.24483905 3.38883044 1.57290589 0.29411765 0.11764706 0.31764706
v -1.24483905 6.06091778 4.53833427 0.29411765 0.11764706 0.31764706
v -1.14094224 8.50622180 2.27246374 0.29411765 0.11764706 0.31764706
v -0.74832739 8.50466491 2.45243296 0.29411765 0.11764706 0.31764706
v 0.06927229 8.52230965 2.53719270 0.29411765 0.11764706 0.31764706
v 1.20639366 8.51556313 2.22689078 0.29411765 0.11764706 0.31764706
v 1.87780680 8.49480462 1.77522619 0.29411765 0.11764706 0.31764706
v 4.08887601 6.06091778 1.57290589 0.29411765 0.11764706 0.31764706
v -1.24483905 3.25961126 2.65620462 0.29411765 0.11764706 0.31764706
v -0.05707454 3.26376297 1.57290589 0.29411765 0.11764706 0.31764706
v -0.11085025 7.43302809 3.94385523 0.29411765 0.11764706 0.31764706
v -0.57655837 7.45378575 3.88376894 0.29411765 0.11764706 0.31764706
v -1.09186522 7.42057298 3.80481483 0.29411765 0.11764706 0.31764706
v -1.24483905 3.25961126 4.53833427 0.29411765 0.11764706 0.31764706
v 3.23577388 6.01473095 4.53833427 0.29411765 0.11764706 0.31764706
v 0.34441597 7.44652112 3.91685982 0.29411765 0.11764706 0.31764706
v 0.69630753 8.45484534 2.59292514 0.29411765 0.11764706 0.31764706
v 1.77965309 7.54823527 3.39349779 0.29411765 0.11764706 0.31764706
v 2.32524165 7.54252668 3.04952444 0.29411765 0.11764706 0.31764706
v 2.81287764 7.49685881 2.66868627 0.29411765 0.11764706 0.31764706
v 3.15537161 7.46105123 2.32993780 0.29411765 0.11764706 0.31764706
v 3.52501407 7.40344806 1.82166985 0.29411765 0.11764706 0.31764706
v 4.08887601 6.02407143 3.20453016 0.29411765 0.11764706 0.31764706
v 4.08887601 3.25961126 1.57290589 0.29411765 0.11764706 0.31764706
v 2.47925956 3.25961126 1.57290589 0.29411765 0.11764706 0.31764706
v 3.56887025 3.25961126 4.53833427 0.29411765 0.11764706 0.31764706
v 3.55686191 5.68104385 4.53833427 0.29411765 0.11764706 0.31764706
v 1.38912662 7.47246841 3.65416275 0.29411765 0.11764706 0.31764706
v 0.94064757 7.42991431 3.83529349 0.29411765 0.11764706 0.31764706
v 4.08887601 5.67222148 3.50525293 0.29411765 0.11764706 0.31764706
v 4.08887601 3.25961126 3.52412054 0.29411765 0.11764706 0.31764706
f 829 830 838
f 829 838 843
f 829 843 831
f 829 831 832
f 829 832 833
f 829 833 834
f 829 834 835
f 829 835 836
f 829 836 837
f 829 837 853
f 829 853 854
f 829 854 839
f 829 839 830
f 830 839 838
f 831 840 841
f 831 841 842
f 831 842 832
f 831 843 855
f 831 855 856
f 831 856 844
f 831 844 840
f 832 842 833
f 833 842 841
f 833 841 834
f 834 841 840
f 834 840 845
f 834 845 846
f 834 846 835
f 835 846 847
f 835 847 848
f 835 848 836
f 836 848 849
f 836 849 850
f 836 850 851
f 836 851 837
f 837 851 852
f 837 852 859
f 837 859 860
f 837 860 853
f 838 839 854
f 838 854 853
f 838 853 860
f 838 860 855
f 838 855 843
f 840 844 845
f 844 856 852
f 844 852 850
f 844 850 849
f 844 849 848
f 844 848 847
f 844 847 857
f 844 857 858
f 844 858 845
f 845 858 846
f 846 858 857
f 846 857 847
f 850 852 851
f 852 856 859
f 855 860 859
f 855 859 856

o geometry_27
v -1.64744903 8.56034766 1.57290578 0.41176471 0.06274510 0.69019608
v -1.67491997 8.56034766 -1.55920296 0.41176471 0.06274510 0.69019608
v -2.52219502 8.52767509 -0.27459688 0.41176471 0.06274510 0.69019608
v -2.33498579 8.51531257 1.05231842 0.41176471 0.06274510 0.69019608
v -2.11674434 8.49941838 1.47357113 0.41176471 0.06274510 0.69019608
v -3.62179595 7.46096289 1.48522146 0.41176471 0.06274510 0.69019608
v -4.16739949 6.06046167 1.57290578 0.41176471 0.06274510 0.69019608
v -1.56885155 3.39014865 1.57290578 0.41176471 0.06274510 0.69019608
v -1.56885155 3.39014865 -1.55920296 0.41176471 0.06274510 0.69019608
v -2.12488381 8.50206670 -1.46048144 0.41176471 0.06274510 0.69019608
v -2.33498579 8.51531257 -1.05241206 0.41176471 0.06274510 0.69019608
v -4.16739949 6.06046167 -1.55920296 0.41176471 0.06274510 0.69019608
v -2.55271827 8.51619506 0.13715155 0.41176471 0.06274510 0.69019608
v -2.61376498 8.44731826 -0.66764344 0.41176471 0.06274510 0.69019608
v -2.61376498 8.44731826 0.66754975 0.41176471 0.06274510 0.69019608
v -3.81943412 7.46979290 0.81808472 0.41176471 0.06274510 0.69019608
v -4.16739949 -0.45813929 0.53571670 0.41176471 0.06274510 0.69019608
v -4.10787888 -0.42899923 1.12222062 0.41176471 0.06274510 0.69019608
v -2.69287112 -0.41045544 1.57290578 0.41176471 0.06274510 0.69019608
v -3.95297360 7.40709779 0.13684496 0.41176471 0.06274510 0.69019608
v -4.16739949 6.06311084 0.49034160 0.41176471 0.06274510 0.69019608
v -2.36398273 -0.16055492 1.57290578 0.41176471 0.06274510 0.69019608
v -1.56885155 3.25769255 0.00225258 0.41176471 0.06274510 0.69019608
v -2.33727483 -0.12346735 -1.55920296 0.41176471 0.06274510 0.69019608
v -3.71768982 7.42917366 -1.31239912 0.41176471 0.06274510 0.69019608
v -2.69083625 -0.40868919 -1.55920296 0.41176471 0.06274510 0.69019608
v -4.07048808 -0.38484705 -1.44545860 0.41176471 0.06274510 0.69019608
v -4.16739949 -0.42811631 -0.97361880 0.41176471 0.06274510 0.69019608
v -4.16739949 6.06311084 -0.39937843 0.41176471 0.06274510 0.69019608
v -3.89243545 7.44771703 -0.46192249 0.41176471 0.06274510 0.69019608
v -4.16739949 -0.45637345 -0.55635179 0.41176471 0.06274510 0.69019608
v -4.06336614 -0.45990554 -1.00151836 0.41176471 0.06274510 0.69019608
f 861 862 863
f 861 863 864
f 861 864 865
f 861 865 866
f 861 866 867
f 861 867 879
f 861 879 882
f 861 882 868
f 861 868 869
f 861 869 862
f 862 870 871
f 862 871 863
f 862 869 884
f 862 884 886
f 862 886 872
f 862 872 870
f 863 873 864
f 863 871 874
f 863 874 873
f 864 873 875
f 864 875 866
f 864 866 865
f 866 875 876
f 866 876 867
f 867 877 878
f 867 878 879
f 867 876 880
f 867 880 881
f 867 881 889
f 867 889 872
f 867 872 888
f 867 888 891
f 867 891 877
f 868 882 883
f 868 883 869
f 869 883 884
f 870 872 885
f 870 885 871
f 871 885 874
f 872 886 887
f 872 887 888
f 872 889 880
f 872 880 890
f 872 890 885
f 873 874 890
f 873 890 880
f 873 880 875
f 874 885 890
f 875 880 876
f 877 891 892
f 877 892 879
f 877 879 878
f 879 892 886
f 879 886 882
f 880 889 881
f 882 884 883
f 882 886 884
f 886 892 887
f 887 892 888
f 888 892 891

o geometry_28
v 1.57037913 8.56123015 1.57290578 0.56470588 0.26274510 0.52156863
v 3.65819724 7.43000095 1.46529321 0.56470588 0.26274510 0.52156863
v 1.92759346 8.54798344 1.51220126 0.56470588 0.26274510 0.52156863
v 1.67663134 8.56034681 -1.55215141 0.56470588 0.26274510 0.52156863
v 1.57037913 3.38989554 -1.55920296 0.56470588 0.26274510 0.52156863
v 1.57037913 3.38989554 1.57290578 0.56470588 0.26274510 0.52156863
v 4.08887601 6.06033851 1.57290578 0.56470588 0.26274510 0.52156863
v 3.77726861 7.46355771 1.03330992 0.56470588 0.26274510 0.52156863
v 2.58039104 8.47557157 0.56300307 0.56470588 0.26274510 0.52156863
v 2.26656510 8.45261066 1.44843085 0.56470588 0.26274510 0.52156863
v 2.33509897 8.51531002 1.05231842 0.56470588 0.26274510 0.52156863
v 2.56239467 8.51177751 -0.08512516 0.56470588 0.26274510 0.52156863
v 2.33509897 8.51531002 -1.05241206 0.56470588 0.26274510 0.52156863
v 2.15143797 8.50117996 -1.41909194 0.56470588 0.26274510 0.52156863
v 3.65178750 7.43265012 -1.47948994 0.56470588 0.26274510 0.52156863
v 4.08887601 6.06033851 -1.55920296 0.56470588 0.26274510 0.52156863
v 2.48843738 -0.25900368 -1.55920296 0.56470588 0.26274510 0.52156863
v 2.32523804 -0.11682743 1.57290578 0.56470588 0.26274510 0.52156863
v 1.57037913 3.26008224 0.00010646 0.56470588 0.26274510 0.52156863
v 2.65779973 -0.38528448 1.57290578 0.56470588 0.26274510 0.52156863
v 4.03710587 -0.42149083 1.41899829 0.56470588 0.26274510 0.52156863
v 4.07581021 -0.45416510 0.99467979 0.56470588 0.26274510 0.52156863
v 4.08887601 -0.46034679 0.50076560 0.56470588 0.26274510 0.52156863
v 4.08887601 6.10537615 0.02892579 0.56470588 0.26274510 0.52156863
v 3.97448847 7.36553575 0.13684496 0.56470588 0.26274510 0.52156863
v 3.83643461 7.48828360 0.65038082 0.56470588 0.26274510 0.52156863
v 3.94589158 7.41322172 -0.27337052 0.56470588 0.26274510 0.52156863
v 3.85664995 7.47062273 -0.64127678 0.56470588 0.26274510 0.52156863
v 2.59271726 8.45525983 -0.69554300 0.56470588 0.26274510 0.52156863
v 3.77776167 7.43265012 -1.14346889 0.56470588 0.26274510 0.52156863
v 4.08641072 -0.45858053 -0.73509289 0.56470588 0.26274510 0.52156863
v 4.01319281 -0.44180215 -1.35440177 0.56470588 0.26274510 0.52156863
f 893 894 895
f 893 895 896
f 893 896 897
f 893 897 911
f 893 911 898
f 893 898 910
f 893 910 912
f 893 912 899
f 893 899 894
f 894 900 901
f 894 901 902
f 894 902 895
f 894 899 900
f 895 903 904
f 895 904 896
f 895 902 903
f 896 904 905
f 896 905 906
f 896 906 907
f 896 907 908
f 896 908 897
f 897 908 909
f 897 909 910
f 897 910 911
f 898 911 910
f 899 912 913
f 899 913 914
f 899 914 915
f 899 915 908
f 899 908 916
f 899 916 917
f 899 917 900
f 900 918 901
f 900 917 918
f 901 904 903
f 901 903 902
f 901 918 904
f 904 918 919
f 904 919 920
f 904 920 921
f 904 921 905
f 905 921 907
f 905 907 906
f 907 921 922
f 907 922 908
f 908 922 919
f 908 919 917
f 908 917 916
f 908 915 923
f 908 923 924
f 908 924 909
f 909 912 910
f 909 924 912
f 912 924 923
f 912 923 915
f 912 915 914
f 912 914 913
f 917 919 918
f 919 922 920
f 920 922 921

o geometry_29
v -6.10974920 -0.06031018 -4.10034585 0.09019608 0.57254902 0.92549020
v -0.58488460 -0.45946345 -4.10034585 0.09019608 0.57254902 0.92549020
v -1.05824912 -0.45328218 -4.07472557 0.09019608 0.57254902 0.92549020
v -1.44787781 -0.45681427 -3.95184734 0.09019608 0.57254902 0.92549020
v -1.83750628 -0.45769762 -3.78494179 0.09019608 0.57254902 0.92549020
v -2.22713497 -0.45769762 -3.56231824 0.09019608 0.57254902 0.92549020
v -2.58885137 -0.45681427 -3.31183548 0.09019608 0.57254902 0.92549020
v -3.22854854 -0.45946345 -2.67207227 0.09019608 0.57254902 0.92549020
v -3.50595960 -0.46034679 -2.28254316 0.09019608 0.57254902 0.92549020
v -3.72868571 -0.45858053 -1.89276520 0.09019608 0.57254902 0.92549020
v -3.86767600 -0.45416510 -1.64949600 0.09019608 0.57254902 0.92549020
v -6.10974920 -0.06031018 -1.55945150 0.09019608 0.57254902 0.92549020
v -6.10974920 6.06033851 -1.55945150 0.09019608 0.57254902 0.92549020
v -6.05848230 6.05239099 -3.97124898 0.09019608 0.57254902 0.92549020
v -0.41969137 6.07888357 -4.10034585 0.09019608 0.57254902 0.92549020
v -0.29038471 -0.46034679 -4.10034585 0.09019608 0.57254902 0.92549020
v -0.29038471 -0.45946345 -3.22825827 0.09019608 0.57254902 0.92549020
v -2.69138537 -0.40912788 -1.55945150 0.09019608 0.57254902 0.92549020
v -2.15194334 8.47203821 -1.55945150 0.09019608 0.57254902 0.92549020
v -1.65978097 8.55416512 -1.85595133 0.09019608 0.57254902 0.92549020
v -1.48376459 8.48351824 -2.16140592 0.09019608 0.57254902 0.92549020
v -1.10723758 8.50471333 -2.33502762 0.09019608 0.57254902 0.92549020
v -0.98191849 7.50064698 -3.75210784 0.09019608 0.57254902 0.92549020
v -0.47779375 7.47238857 -3.87324487 0.09019608 0.57254902 0.92549020
v -0.29038471 8.56123015 -1.55945150 0.09019608 0.57254902 0.92549020
v -0.29038471 -0.26253620 -2.91036662 0.09019608 0.57254902 0.92549020
v -0.29038471 -0.04441471 -2.69495653 0.09019608 0.57254902 0.92549020
v -2.36555554 -0.16892925 -1.55945150 0.09019608 0.57254902 0.92549020
v -1.83465815 8.55681515 -1.59775771 0.09019608 0.57254902 0.92549020
v -0.80134493 8.50471333 -2.43726031 0.09019608 0.57254902 0.92549020
v -0.42937499 8.49941413 -2.56187974 0.09019608 0.57254902 0.92549020
v -0.29038471 3.33514455 -1.55945150 0.09019608 0.57254902 0.92549020
f 925 926 927
f 925 927 928
f 925 928 929
f 925 929 930
f 925 930 931
f 925 931 932
f 925 932 933
f 925 933 934
f 925 934 935
f 925 935 936
f 925 936 937
f 925 937 938
f 925 938 939
f 925 939 940
f 925 940 926
f 926 940 929
f 926 929 928
f 926 928 927
f 929 940 932
f 929 932 930
f 930 932 931
f 932 940 933
f 933 940 941
f 933 941 934
f 934 941 935
f 935 941 942
f 935 942 936
f 936 942 952
f 936 952 956
f 936 956 949
f 936 949 943
f 936 943 937
f 937 943 938
f 938 943 944
f 938 944 945
f 938 945 946
f 938 946 947
f 938 947 948
f 938 948 939
f 939 948 949
f 939 949 940
f 940 949 956
f 940 956 951
f 940 951 950
f 940 950 941
f 941 950 942
f 942 950 951
f 942 951 952
f 943 949 953
f 943 953 944
f 944 954 946
f 944 946 945
f 944 953 949
f 944 949 955
f 944 955 954
f 946 954 947
f 947 954 955
f 947 955 948
f 948 955 949
f 951 956 952

o geometry_30
v 0.66196331 6.06123120 4.53877721 0.31764706 0.66666667 0.12941176
v -4.06285695 6.06123120 5.95578247 0.31764706 0.66666667 0.12941176
v -1.11382134 6.05519560 6.09720831 0.31764706 0.66666667 0.12941176
v 0.66196331 6.04010661 5.12568712 0.31764706 0.66666667 0.12941176
v 0.66196331 0.00283659 5.55072780 0.31764706 0.66666667 0.12941176
v 0.64539196 -0.09192019 4.53877721 0.31764706 0.66666667 0.12941176
v -6.10974877 4.61392735 4.53877721 0.31764706 0.66666667 0.12941176
v -5.97717842 5.83973008 4.55143999 0.31764706 0.66666667 0.12941176
v -5.77699640 5.97432065 4.63000976 0.31764706 0.66666667 0.12941176
v -5.17645119 6.06123120 4.95435892 0.31764706 0.66666667 0.12941176
v -3.81296110 6.05881645 6.08958015 0.31764706 0.66666667 0.12941176
v -4.66141380 6.05821340 5.52448706 0.31764706 0.66666667 0.12941176
v -4.40886665 6.04433136 5.79269269 0.31764706 0.66666667 0.12941176
v -4.14902812 6.03346796 6.02092715 0.31764706 0.66666667 0.12941176
v -0.88447410 5.92845063 6.09720831 0.31764706 0.66666667 0.12941176
v 0.66196331 5.66711509 5.67247298 0.31764706 0.66666667 0.12941176
v -6.10974877 4.56081563 6.09720831 0.31764706 0.66666667 0.12941176
v -0.84602860 0.00464723 6.09720831 0.31764706 0.66666667 0.12941176
v 0.08329225 -0.10399096 4.53877721 0.31764706 0.66666667 0.12941176
v -6.10974877 -0.06053568 4.53877721 0.31764706 0.66666667 0.12941176
v -5.28250730 5.89344485 5.31089864 0.31764706 0.66666667 0.12941176
v -5.42170653 5.95923166 5.04131958 0.31764706 0.66666667 0.12941176
v -5.06840587 6.03527796 5.22897217 0.31764706 0.66666667 0.12941176
v -4.39627225 5.92060503 6.02931804 0.31764706 0.66666667 0.12941176
v -4.69256812 5.97673455 5.72144573 0.31764706 0.66666667 0.12941176
v -0.73599491 5.67073679 6.09720831 0.31764706 0.66666667 0.12941176
v -4.96632649 5.92120808 5.56552631 0.31764706 0.66666667 0.12941176
v -6.10974877 0.43980385 6.09720831 0.31764706 0.66666667 0.12941176
v -5.53107771 -0.05148250 6.06227175 0.31764706 0.66666667 0.12941176
v -6.02689225 -0.05751810 5.48085384 0.31764706 0.66666667 0.12941176
v -5.84593309 -0.04605059 5.80810147 0.31764706 0.66666667 0.12941176
f 957 958 959
f 957 959 960
f 957 960 972
f 957 972 961
f 957 961 962
f 957 962 975
f 957 975 976
f 957 976 963
f 957 963 964
f 957 964 965
f 957 965 966
f 957 966 958
f 958 967 959
f 958 966 968
f 958 968 969
f 958 969 970
f 958 970 967
f 959 971 972
f 959 972 960
f 959 967 973
f 959 973 984
f 959 984 974
f 959 974 982
f 959 982 971
f 961 972 974
f 961 974 962
f 962 974 975
f 963 973 964
f 963 976 984
f 963 984 973
f 964 973 965
f 965 973 977
f 965 977 978
f 965 978 979
f 965 979 966
f 966 979 968
f 967 970 980
f 967 980 973
f 968 979 969
f 969 979 981
f 969 981 970
f 970 981 980
f 971 982 972
f 972 982 974
f 973 983 977
f 973 980 983
f 974 984 985
f 974 985 975
f 975 985 986
f 975 986 976
f 976 986 984
f 977 983 978
f 978 983 981
f 978 981 979
f 980 981 983
f 984 986 987
f 984 987 985
f 985 987 986

o geometry_31
v -2.95655430 6.05600590 6.59930518 0.71372549 0.28627451 0.18039216
v -2.64435023 6.04163462 6.79291184 0.71372549 0.28627451 0.18039216
v -2.06700481 6.04163462 6.99325906 0.71372549 0.28627451 0.18039216
v -1.62156725 6.04343188 7.10569476 0.71372549 0.28627451 0.18039216
v -0.97395929 6.04103667 7.21612255 0.71372549 0.28627451 0.18039216
v 0.66196331 6.02965941 6.79104748 0.71372549 0.28627451 0.18039216
v -3.68701878 6.05301188 6.25224651 0.71372549 0.28627451 0.18039216
v -3.43712315 6.04343188 6.43524119 0.71372549 0.28627451 0.18039216
v -6.10908584 4.99974090 7.55744375 0.71372549 0.28627451 0.18039216
v -1.32991167 6.00930010 7.24322753 0.71372549 0.28627451 0.18039216
v -0.41119665 5.97816318 7.38248111 0.71372549 0.28627451 0.18039216
v 0.54331258 5.89972167 7.42034161 0.71372549 0.28627451 0.18039216
v 0.66196331 4.61891058 7.56246351 0.71372549 0.28627451 0.18039216
v 0.66196331 5.67457677 6.32854211 0.71372549 0.28627451 0.18039216
v -0.99914767 5.99193566 6.09736119 0.71372549 0.28627451 0.18039216
v -4.13378242 5.99253446 6.09736119 0.71372549 0.28627451 0.18039216
v -6.10974877 4.56082752 6.09736119 0.71372549 0.28627451 0.18039216
v -6.10974877 0.43935794 7.56246351 0.71372549 0.28627451 0.18039216
v 0.11113213 4.69615449 7.56246351 0.71372549 0.28627451 0.18039216
v 0.03424114 5.83984305 7.49161787 0.71372549 0.28627451 0.18039216
v -0.78040593 5.92307499 7.41991183 0.71372549 0.28627451 0.18039216
v 0.66196331 -0.06123047 7.56246351 0.71372549 0.28627451 0.18039216
v 0.66196331 0.02140246 6.46564467 0.71372549 0.28627451 0.18039216
v -0.84602860 0.00463640 6.09736119 0.71372549 0.28627451 0.18039216
v -0.73533198 5.67038515 6.09736119 0.71372549 0.28627451 0.18039216
v -6.10974877 0.43935794 6.09736119 0.71372549 0.28627451 0.18039216
v -5.34547846 -0.04985342 6.24808759 0.71372549 0.28627451 0.18039216
v -5.03062351 -0.05524265 6.47181107 0.71372549 0.28627451 0.18039216
v -4.57789434 -0.05284743 6.81384999 0.71372549 0.28627451 0.18039216
v -4.25641009 -0.05464384 7.01376700 0.71372549 0.28627451 0.18039216
v -3.86068656 -0.05164983 7.24193649 0.71372549 0.28627451 0.18039216
v -3.09376495 -0.05644025 7.55342880 0.71372549 0.28627451 0.18039216
f 988 989 990
f 988 990 991
f 988 991 992
f 988 992 993
f 988 993 994
f 988 994 995
f 988 995 989
f 989 995 996
f 989 996 990
f 990 996 997
f 990 997 991
f 991 997 992
f 992 997 998
f 992 998 993
f 993 998 999
f 993 999 1000
f 993 1000 1009
f 993 1009 1010
f 993 1010 1001
f 993 1001 1002
f 993 1002 994
f 994 1003 996
f 994 996 995
f 994 1002 1003
f 996 1003 1004
f 996 1004 1005
f 996 1005 1006
f 996 1006 1007
f 996 1007 1008
f 996 1008 997
f 997 1008 998
f 998 1008 1007
f 998 1007 999
f 999 1007 1000
f 1000 1007 1006
f 1000 1006 1005
f 1000 1005 1009
f 1001 1010 1011
f 1001 1011 1012
f 1001 1012 1002
f 1002 1012 1011
f 1002 1011 1013
f 1002 1013 1004
f 1002 1004 1003
f 1004 1013 1005
f 1005 1013 1014
f 1005 1014 1015
f 1005 1015 1016
f 1005 1016 1017
f 1005 1017 1018
f 1005 1018 1019
f 1005 1019 1009
f 1009 1011 1010
f 1009 1019 1015
f 1009 1015 1014
f 1009 1014 1011
f 1011 1014 1013
f 1015 1019 1017
f 1015 1017 1016
f 1017 1019 1018

o geometry_32
v -0.29038513 -0.46034679 -4.10036496 0.58431373 0.01960784 0.82745098
v 3.49688689 0.09687863 -4.10036496 0.58431373 0.01960784 0.82745098
v 0.75299009 -0.45769762 -4.09668721 0.58431373 0.01960784 0.82745098
v 3.25597606 -0.45151593 -2.68599444 0.58431373 0.01960784 0.82745098
v -0.29038513 -0.45946345 -3.22825020 0.58431373 0.01960784 0.82745098
v -0.29038513 8.56123015 -1.75204539 0.58431373 0.01960784 0.82745098
v -0.28395522 6.07800023 -4.10013521 0.58431373 0.01960784 0.82745098
v 0.39591060 6.08064941 -4.10036496 0.58431373 0.01960784 0.82745098
v 4.08887601 5.86782712 -3.34893027 0.58431373 0.01960784 0.82745098
v 4.08887601 0.08539859 -3.49834376 0.58431373 0.01960784 0.82745098
v 2.86631785 -0.44974967 -3.10320269 0.58431373 0.01960784 0.82745098
v 2.14958699 -0.44974967 -3.63879219 0.58431373 0.01960784 0.82745098
v 1.43799989 -0.44180215 -3.98910946 0.58431373 0.01960784 0.82745098
v 3.34728229 5.86870961 -4.10036496 0.58431373 0.01960784 0.82745098
v 3.54832705 -0.44974967 -2.29637000 0.58431373 0.01960784 0.82745098
v 2.53367250 -0.38616782 -1.75204539 0.58431373 0.01960784 0.82745098
v -0.29038513 -0.15921547 -2.81219114 0.58431373 0.01960784 0.82745098
v 1.57474455 8.48086992 -2.08351352 0.58431373 0.01960784 0.82745098
v 0.95403486 8.50471333 -2.38624801 0.58431373 0.01960784 0.82745098
v 0.08469837 8.51707585 -2.54968327 0.58431373 0.01960784 0.82745098
v 0.03411564 7.34699069 -3.98336264 0.58431373 0.01960784 0.82745098
v -0.29038513 3.38901263 -1.75204539 0.58431373 0.01960784 0.82745098
v 4.08887601 6.06033851 -1.75204539 0.58431373 0.01960784 0.82745098
v 3.40815296 7.43265012 -1.98260181 0.58431373 0.01960784 0.82745098
v 2.75957992 7.46444105 -2.76897624 0.58431373 0.01960784 0.82745098
v 3.10937206 7.48210277 -2.34831999 0.58431373 0.01960784 0.82745098
v 3.89126077 -0.39588159 -1.82583281 0.58431373 0.01960784 0.82745098
v 0.57423599 7.42911761 -3.90934548 0.58431373 0.01960784 0.82745098
v 1.22881034 7.43265012 -3.74751914 0.58431373 0.01960784 0.82745098
v 1.86366612 7.45384350 -3.45351974 0.58431373 0.01960784 0.82745098
v 2.36091970 7.45649353 -3.13101646 0.58431373 0.01960784 0.82745098
v 2.14572896 -0.09475028 -1.75756224 0.58431373 0.01960784 0.82745098
f 1020 1021 1022
f 1020 1022 1023
f 1020 1023 1024
f 1020 1024 1036
f 1020 1036 1041
f 1020 1041 1025
f 1020 1025 1026
f 1020 1026 1027
f 1020 1027 1033
f 1020 1033 1021
f 1021 1028 1029
f 1021 1029 1030
f 1021 1030 1031
f 1021 1031 1032
f 1021 1032 1022
f 1021 1033 1028
f 1022 1032 1031
f 1022 1031 1023
f 1023 1031 1030
f 1023 1030 1029
f 1023 1029 1034
f 1023 1034 1024
f 1024 1034 1035
f 1024 1035 1036
f 1025 1037 1038
f 1025 1038 1039
f 1025 1039 1040
f 1025 1040 1026
f 1025 1041 1035
f 1025 1035 1042
f 1025 1042 1043
f 1025 1043 1037
f 1026 1040 1027
f 1027 1040 1033
f 1028 1033 1044
f 1028 1044 1045
f 1028 1045 1043
f 1028 1043 1042
f 1028 1042 1029
f 1029 1046 1034
f 1029 1042 1046
f 1033 1040 1047
f 1033 1047 1048
f 1033 1048 1049
f 1033 1049 1050
f 1033 1050 1044
f 1034 1046 1035
f 1035 1046 1042
f 1035 1041 1051
f 1035 1051 1036
f 1036 1051 1041
f 1037 1045 1044
f 1037 1044 1050
f 1037 1050 1049
f 1037 1049 1038
f 1037 1043 1045
f 1038 1049 1048
f 1038 1048 1047
f 1038 1047 1039
f 1039 1047 1040

o geometry_33
v -1.55777263 0.25714192 -0.08904981 0.00392157 0.67450980 0.26666667
v -1.47268673 -0.25738904 -0.49708864 0.00392157 0.67450980 0.26666667
v -1.22322353 -2.41798339 -0.38833887 0.00392157 0.67450980 0.26666667
v -1.55777263 0.25714192 0.08906959 0.00392157 0.67450980 0.26666667
v -1.55777263 1.36959738 -0.08935274 0.00392157 0.67450980 0.26666667
v -0.88531986 -1.29462696 -1.23743534 0.00392157 0.67450980 0.26666667
v -1.45255888 1.03547923 -0.56979046 0.00392157 0.67450980 0.26666667
v -1.01615081 1.53638402 -1.18260609 0.00392157 0.67450980 0.26666667
v 0.38913818 -1.52409470 -1.51006702 0.00392157 0.67450980 0.26666667
v 1.14118739 -1.46468387 0.92635200 0.00392157 0.67450980 0.26666667
v -1.14332216 -1.46413879 0.92635200 0.00392157 0.67450980 0.26666667
v -1.38150154 -0.29935835 0.72308986 0.00392157 0.67450980 0.26666667
v -1.51019771 0.25714192 0.38957038 0.00392157 0.67450980 0.26666667
v -1.42633172 1.97460728 0.44773181 0.00392157 0.67450980 0.26666667
v -1.24823089 2.89356841 -0.78698709 0.00392157 0.67450980 0.26666667
v -0.72338225 0.59017012 -1.38132434 0.00392157 0.67450980 0.26666667
v 0.00000000 3.09360349 -1.55611158 0.00392157 0.67450980 0.26666667
v 1.14484699 -1.04989780 -0.91754736 0.00392157 0.67450980 0.26666667
v 0.72338225 0.59017012 -1.38132434 0.00392157 0.67450980 0.26666667
v 1.55777263 0.25714192 -0.08904981 0.00392157 0.67450980 0.26666667
v 1.55777263 0.25714192 0.08906959 0.00392157 0.67450980 0.26666667
v 1.38150154 -0.29935835 0.72308986 0.00392157 0.67450980 0.26666667
v 0.98443420 0.59017012 1.21049482 0.00392157 0.67450980 0.26666667
v -0.98443420 0.59017012 1.21049482 0.00392157 0.67450980 0.26666667
v 0.00000000 3.15028892 1.53856177 0.00392157 0.67450980 0.26666667
v 1.24823089 2.89356841 -0.78698709 0.00392157 0.67450980 0.26666667
v 1.01615081 1.53638402 -1.18260609 0.00392157 0.67450980 0.26666667
v 1.45255888 1.03547923 -0.56979046 0.00392157 0.67450980 0.26666667
v 1.51019771 0.25714192 -0.38924767 0.00392157 0.67450980 0.26666667
v 1.55777263 1.36959738 -0.08935274 0.00392157 0.67450980 0.26666667
v 1.51019771 0.25714192 0.38957038 0.00392157 0.67450980 0.26666667
v 1.42633172 1.97460728 0.44773181 0.00392157 0.67450980 0.26666667
f 1052 1053 1054
f 1052 1054 1055
f 1052 1055 1056
f 1052 1056 1053
f 1053 1057 1054
f 1053 1056 1058
f 1053 1058 1059
f 1053 1059 1057
f 1054 1060 1061
f 1054 1061 1062
f 1054 1062 1063
f 1054 1063 1055
f 1054 1057 1060
f 1055 1064 1056
f 1055 1063 1064
f 1056 1065 1066
f 1056 1066 1058
f 1056 1064 1065
f 1057 1059 1067
f 1057 1067 1060
f 1058 1066 1059
f 1059 1066 1068
f 1059 1068 1067
f 1060 1069 1061
f 1060 1067 1068
f 1060 1068 1070
f 1060 1070 1069
f 1061 1069 1071
f 1061 1071 1072
f 1061 1072 1073
f 1061 1073 1074
f 1061 1074 1075
f 1061 1075 1062
f 1062 1075 1063
f 1063 1075 1065
f 1063 1065 1064
f 1065 1076 1066
f 1065 1075 1076
f 1066 1076 1068
f 1068 1076 1077
f 1068 1077 1078
f 1068 1078 1070
f 1069 1070 1078
f 1069 1078 1079
f 1069 1079 1080
f 1069 1080 1071
f 1071 1080 1081
f 1071 1081 1072
f 1072 1081 1082
f 1072 1082 1073
f 1073 1082 1083
f 1073 1083 1074
f 1074 1083 1076
f 1074 1076 1075
f 1076 1083 1077
f 1077 1083 1081
f 1077 1081 1079
f 1077 1079 1078
f 1079 1081 1080
f 1081 1083 1082

o geometry_34
v -1.56885155 3.38966961 -1.55920285 0.73333333 0.96078431 0.24705882
v -1.56362762 3.20377945 -0.04112684 0.73333333 0.96078431 0.24705882
v -1.56885155 8.56017269 0.00071113 0.73333333 0.96078431 0.24705882
v -1.56885155 8.56017269 -1.55920285 0.73333333 0.96078431 0.24705882
v 1.57037913 3.38966961 -1.55920285 0.73333333 0.96078431 0.24705882
v -0.11815577 3.15028977 -1.55462201 0.73333333 0.96078431 0.24705882
v -0.27794434 3.15028977 -1.53477190 0.73333333 0.96078431 0.24705882
v -0.38918176 3.15028977 -1.51034104 0.73333333 0.96078431 0.24705882
v -0.54897032 3.15028977 -1.45873069 0.73333333 0.96078431 0.24705882
v -0.77175243 3.15028977 -1.35367779 0.73333333 0.96078431 0.24705882
v -0.95643113 3.15028977 -1.23167589 0.73333333 0.96078431 0.24705882
v -1.08825669 3.15028977 -1.11501820 0.73333333 0.96078431 0.24705882
v -1.23145187 3.15028977 -0.95652265 0.73333333 0.96078431 0.24705882
v -1.35375158 3.15028977 -0.77237465 0.73333333 0.96078431 0.24705882
v -1.45884323 3.15028977 -0.54959524 0.73333333 0.96078431 0.24705882
v -1.50985266 3.15028977 -0.38972546 0.73333333 0.96078431 0.24705882
v -1.54273226 3.15028977 -0.22283175 0.73333333 0.96078431 0.24705882
v 1.54272345 3.15028977 -0.22283175 0.73333333 0.96078431 0.24705882
v 1.56423344 3.20483904 -0.04097412 0.73333333 0.96078431 0.24705882
v 1.57037913 8.56017269 0.00071113 0.73333333 0.96078431 0.24705882
v 1.57037913 8.56017269 -1.55920285 0.73333333 0.96078431 0.24705882
v 1.51015111 3.15028977 -0.38972546 0.73333333 0.96078431 0.24705882
v 1.45883442 3.15028977 -0.54959524 0.73333333 0.96078431 0.24705882
v 1.35374266 3.15028977 -0.77237465 0.73333333 0.96078431 0.24705882
v 1.23144295 3.15028977 -0.95652265 0.73333333 0.96078431 0.24705882
v 1.08824788 3.15028977 -1.11501820 0.73333333 0.96078431 0.24705882
v 0.95642232 3.15028977 -1.23167589 0.73333333 0.96078431 0.24705882
v 0.77174362 3.15028977 -1.35367779 0.73333333 0.96078431 0.24705882
v 0.54896145 3.15028977 -1.45873069 0.73333333 0.96078431 0.24705882
v 0.38948018 3.15028977 -1.51034104 0.73333333 0.96078431 0.24705882
v 0.27824278 3.15028977 -1.53477190 0.73333333 0.96078431 0.24705882
v 0.11814693 3.15028977 -1.55446933 0.73333333 0.96078431 0.24705882
f 1084 1085 1086
f 1084 1086 1087
f 1084 1087 1104
f 1084 1104 1088
f 1084 1088 1089
f 1084 1089 1090
f 1084 1090 1091
f 1084 1091 1092
f 1084 1092 1093
f 1084 1093 1094
f 1084 1094 1095
f 1084 1095 1096
f 1084 1096 1097
f 1084 1097 1098
f 1084 1098 1099
f 1084 1099 1100
f 1084 1100 1085
f 1085 1101 1102
f 1085 1102 1086
f 1085 1100 1101
f 1086 1102 1103
f 1086 1103 1104
f 1086 1104 1087
f 1088 1104 1103
f 1088 1103 1102
f 1088 1102 1101
f 1088 1101 1105
f 1088 1105 1106
f 1088 1106 1107
f 1088 1107 1108
f 1088 1108 1109
f 1088 1109 1110
f 1088 1110 1111
f 1088 1111 1112
f 1088 1112 1113
f 1088 1113 1114
f 1088 1114 1115
f 1088 1115 1089
f 1089 1115 1114
f 1089 1114 1113
f 1089 1113 1112
f 1089 1112 1111
f 1089 1111 1110
f 1089 1110 1109
f 1089 1109 1108
f 1089 1108 1107
f 1089 1107 1106
f 1089 1106 1105
f 1089 1105 1101
f 1089 1101 1100
f 1089 1100 1099
f 1089 1099 1098
f 1089 1098 1097
f 1089 1097 1096
f 1089 1096 1095
f 1089 1095 1094
f 1089 1094 1093
f 1089 1093 1092
f 1089 1092 1091
f 1089 1091 1090

o geometry_35
v -1.56885155 3.38966961 1.57290578 0.57254902 0.58823529 0.56862745
v -0.05731321 3.26415410 1.57290578 0.57254902 0.58823529 0.56862745
v -1.56885155 8.56017269 1.57290578 0.57254902 0.58823529 0.56862745
v -1.56885155 8.56017269 0.00071113 0.57254902 0.58823529 0.56862745
v -1.56362762 3.20377945 0.04164729 0.57254902 0.58823529 0.56862745
v -1.54273226 3.15028977 0.22278206 0.57254902 0.58823529 0.56862745
v -1.50985266 3.15028977 0.38975851 0.57254902 0.58823529 0.56862745
v -1.45884323 3.15028977 0.54950186 0.57254902 0.58823529 0.56862745
v -1.35375158 3.15028977 0.77234232 0.57254902 0.58823529 0.56862745
v -1.23145187 3.15028977 0.95655503 0.57254902 0.58823529 0.56862745
v -1.11499060 3.15028977 1.08828939 0.57254902 0.58823529 0.56862745
v -0.95643113 3.15028977 1.23156590 0.57254902 0.58823529 0.56862745
v -0.77175243 3.15028977 1.35375890 0.57254902 0.58823529 0.56862745
v -0.54897032 3.15028977 1.45871551 0.57254902 0.58823529 0.56862745
v -0.33356304 3.15028977 1.52242816 0.57254902 0.58823529 0.56862745
v -0.11354648 3.15028977 1.55474612 0.57254902 0.58823529 0.56862745
v 0.05761165 3.26415410 1.57290578 0.57254902 0.58823529 0.56862745
v 1.57037913 8.56017269 1.57290578 0.57254902 0.58823529 0.56862745
v 1.57037913 8.56017269 0.00071113 0.57254902 0.58823529 0.56862745
v 1.56423344 3.20483904 0.04164729 0.57254902 0.58823529 0.56862745
v 1.54272345 3.15028977 0.22278206 0.57254902 0.58823529 0.56862745
v 0.11353764 3.15028977 1.55474612 0.57254902 0.58823529 0.56862745
v 1.57037913 3.38966961 1.57290578 0.57254902 0.58823529 0.56862745
v 1.51015111 3.15028977 0.38975851 0.57254902 0.58823529 0.56862745
v 0.33386148 3.15028977 1.52242816 0.57254902 0.58823529 0.56862745
v 0.54896145 3.15028977 1.45871551 0.57254902 0.58823529 0.56862745
v 0.77174362 3.15028977 1.35375890 0.57254902 0.58823529 0.56862745
v 0.95642232 3.15028977 1.23156590 0.57254902 0.58823529 0.56862745
v 1.11498168 3.15028977 1.08828939 0.57254902 0.58823529 0.56862745
v 1.23144295 3.15028977 0.95655503 0.57254902 0.58823529 0.56862745
v 1.35374266 3.15028977 0.77234232 0.57254902 0.58823529 0.56862745
v 1.45883442 3.15028977 0.54950186 0.57254902 0.58823529 0.56862745
f 1116 1117 1132
f 1116 1132 1138
f 1116 1138 1133
f 1116 1133 1118
f 1116 1118 1119
f 1116 1119 1120
f 1116 1120 1121
f 1116 1121 1122
f 1116 1122 1123
f 1116 1123 1124
f 1116 1124 1125
f 1116 1125 1126
f 1116 1126 1127
f 1116 1127 1128
f 1116 1128 1129
f 1116 1129 1130
f 1116 1130 1131
f 1116 1131 1117
f 1117 1131 1137
f 1117 1137 1132
f 1118 1133 1134
f 1118 1134 1119
f 1119 1134 1120
f 1120 1134 1135
f 1120 1135 1136
f 1120 1136 1121
f 1121 1136 1139
f 1121 1139 1147
f 1121 1147 1146
f 1121 1146 1145
f 1121 1145 1144
f 1121 1144 1143
f 1121 1143 1142
f 1121 1142 1141
f 1121 1141 1140
f 1121 1140 1137
f 1121 1137 1131
f 1121 1131 1130
f 1121 1130 1129
f 1121 1129 1128
f 1121 1128 1127
f 1121 1127 1126
f 1121 1126 1125
f 1121 1125 1124
f 1121 1124 1123
f 1121 1123 1122
f 1132 1137 1138
f 1133 1138 1134
f 1134 1138 1135
f 1135 1138 1136
f 1136 1138 1139
f 1137 1140 1138
f 1138 1140 1141
f 1138 1141 1142
f 1138 1142 1143
f 1138 1143 1144
f 1138 1144 1145
f 1138 1145 1146
f 1138 1146 1147
f 1138 1147 1139

o geometry_36
v 2.01283479 3.38934558 -1.75179685 0.21960784 0.94901961 0.44705882
v 4.08867301 6.06006077 -1.75179685 0.21960784 0.94901961 0.44705882
v 2.02177522 0.12650452 -1.75179685 0.21960784 0.94901961 0.44705882
v 2.01283479 3.38934558 -1.55922175 0.21960784 0.94901961 0.44705882
v 2.03599913 8.51465940 -1.58793086 0.21960784 0.94901961 0.44705882
v 2.09411276 8.44349866 -1.71290862 0.21960784 0.94901961 0.44705882
v 4.08867301 -0.28991637 -1.74125950 0.21960784 0.94901961 0.44705882
v 3.77839445 -0.45771460 -1.74851691 0.21960784 0.94901961 0.44705882
v 2.70146203 -0.46035019 -1.75179685 0.21960784 0.94901961 0.44705882
v 3.58271789 7.40244666 -1.73392671 0.21960784 0.94901961 0.44705882
v 3.66887250 7.30141625 -1.71801702 0.21960784 0.94901961 0.44705882
v 3.71438833 7.32513650 -1.57300134 0.21960784 0.94901961 0.44705882
v 4.08867301 6.06006077 -1.55922175 0.21960784 0.94901961 0.44705882
v 2.05164488 0.02986703 -1.75179685 0.21960784 0.94901961 0.44705882
v 2.30828002 -0.06149971 -1.55922175 0.21960784 0.94901961 0.44705882
v 3.50916150 7.53246848 -1.55922175 0.21960784 0.94901961 0.44705882
v 2.18676948 8.44525599 -1.58676213 0.21960784 0.94901961 0.44705882
v 3.45490845 7.52543998 -1.71143826 0.21960784 0.94901961 0.44705882
v 4.08867301 -0.33472086 -1.62563146 0.21960784 0.94901961 0.44705882
v 3.98666923 -0.38040444 -1.73731983 0.21960784 0.94901961 0.44705882
v 3.91006489 -0.44980785 -1.57988173 0.21960784 0.94901961 0.44705882
v 2.76932915 -0.45244344 -1.57300134 0.21960784 0.94901961 0.44705882
v 2.60331883 -0.44102243 -1.75179685 0.21960784 0.94901961 0.44705882
v 3.61929287 7.42616691 -1.60052282 0.21960784 0.94901961 0.44705882
v 2.60880510 -0.37337594 -1.55922175 0.21960784 0.94901961 0.44705882
v 4.03157522 -0.39797486 -1.57300134 0.21960784 0.94901961 0.44705882
v 2.13271985 -0.06852780 -1.75179685 0.21960784 0.94901961 0.44705882
v 2.40804870 -0.20733504 -1.55922175 0.21960784 0.94901961 0.44705882
v 2.49887673 -0.38655385 -1.75179685 0.21960784 0.94901961 0.44705882
v 2.49643841 -0.28288786 -1.55922175 0.21960784 0.94901961 0.44705882
v 2.35277959 -0.27146728 -1.75179685 0.21960784 0.94901961 0.44705882
v 2.22517336 -0.16253012 -1.75179685 0.21960784 0.94901961 0.44705882
f 1148 1149 1156
f 1148 1156 1170
f 1148 1170 1176
f 1148 1176 1178
f 1148 1178 1179
f 1148 1179 1174
f 1148 1174 1161
f 1148 1161 1150
f 1148 1150 1151
f 1148 1151 1152
f 1148 1152 1153
f 1148 1153 1149
f 1149 1154 1155
f 1149 1155 1156
f 1149 1153 1157
f 1149 1157 1158
f 1149 1158 1159
f 1149 1159 1160
f 1149 1160 1166
f 1149 1166 1154
f 1150 1161 1162
f 1150 1162 1151
f 1151 1162 1175
f 1151 1175 1177
f 1151 1177 1172
f 1151 1172 1160
f 1151 1160 1163
f 1151 1163 1152
f 1152 1163 1164
f 1152 1164 1153
f 1153 1164 1165
f 1153 1165 1157
f 1154 1166 1167
f 1154 1167 1155
f 1155 1167 1168
f 1155 1168 1169
f 1155 1169 1156
f 1156 1169 1170
f 1157 1159 1158
f 1157 1165 1171
f 1157 1171 1159
f 1159 1171 1163
f 1159 1163 1160
f 1160 1172 1173
f 1160 1173 1166
f 1161 1174 1175
f 1161 1175 1162
f 1163 1171 1165
f 1163 1165 1164
f 1166 1173 1167
f 1167 1173 1168
f 1168 1173 1172
f 1168 1172 1169
f 1169 1172 1170
f 1170 1172 1176
f 1172 1177 1178
f 1172 1178 1176
f 1174 1179 1175
f 1175 1179 1177
f 1177 1179 1178

o geometry_37
v -0.05209418 3.15362565 -1.55920296 0.84313725 0.69803922 0.29411765
v 0.05627290 3.15362565 -1.55920296 0.84313725 0.69803922 0.29411765
v -0.03380670 3.15362565 -1.56010244 0.84313725 0.69803922 0.29411765
v -0.05106524 -2.15639028 -1.55920296 0.84313725 0.69803922 0.29411765
v 0.05107518 -2.08075210 -1.55920296 0.84313725 0.69803922 0.29411765
v 0.03380604 3.15362565 -1.56010244 0.84313725 0.69803922 0.29411765
v -0.03321268 -2.19235818 -1.55991207 0.84313725 0.69803922 0.29411765
v -0.05060911 -2.19235818 -1.55920296 0.84313725 0.69803922 0.29411765
v 0.05060845 -2.19235818 -1.55920296 0.84313725 0.69803922 0.29411765
v 0.03321202 -2.19235818 -1.55991207 0.84313725 0.69803922 0.29411765
v -0.02213836 -2.24948358 -1.55947274 0.84313725 0.69803922 0.29411765
v -0.03198219 -2.24102049 -1.55920296 0.84313725 0.69803922 0.29411765
v 0.02241349 -2.25001252 -1.55920296 0.84313725 0.69803922 0.29411765
v 0.02213770 -2.24948358 -1.55947274 0.84313725 0.69803922 0.29411765
v -0.02241416 -2.25001252 -1.55920296 0.84313725 0.69803922 0.29411765
f 1180 1181 1185
f 1180 1185 1182
f 1180 1182 1183
f 1180 1183 1187
f 1180 1187 1191
f 1180 1191 1194
f 1180 1194 1192
f 1180 1192 1188
f 1180 1188 1184
f 1180 1184 1181
f 1181 1184 1185
f 1182 1185 1189
f 1182 1189 1186
f 1182 1186 1183
f 1183 1186 1187
f 1184 1188 1189
f 1184 1189 1185
f 1186 1189 1193
f 1186 1193 1190
f 1186 1190 1187
f 1187 1190 1191
f 1188 1192 1193
f 1188 1193 1189
f 1190 1193 1192
f 1190 1192 1194
f 1190 1194 1191

o geometry_38
v -0.29038513 3.33465531 -1.55922175 0.81176471 0.39607843 0.87843137
v -0.29038513 3.38917613 -1.75179685 0.81176471 0.39607843 0.87843137
v -0.04283863 3.15362565 -1.55967414 0.81176471 0.39607843 0.87843137
v 0.04531316 3.15362565 -1.55967414 0.81176471 0.39607843 0.87843137
v 2.01283458 3.38917613 -1.55922175 0.81176471 0.39607843 0.87843137
v -0.29038513 8.56123100 -1.55922175 0.81176471 0.39607843 0.87843137
v -0.19321531 3.38811740 -1.75179685 0.81176471 0.39607843 0.87843137
v -0.29038513 8.56123100 -1.75179685 0.81176471 0.39607843 0.87843137
v 0.16705738 3.38811740 -1.75179685 0.81176471 0.39607843 0.87843137
v 2.01283458 3.38917613 -1.75179685 0.81176471 0.39607843 0.87843137
v 2.01283458 8.51412091 -1.61899621 0.81176471 0.39607843 0.87843137
v 2.01058014 8.53000066 -1.57032456 0.81176471 0.39607843 0.87843137
v 1.97360596 8.54746872 -1.55922175 0.81176471 0.39607843 0.87843137
v 1.72538305 8.56123100 -1.55922175 0.81176471 0.39607843 0.87843137
v 1.50286174 8.56123100 -1.75179685 0.81176471 0.39607843 0.87843137
v 1.94812986 8.49453622 -1.75179685 0.81176471 0.39607843 0.87843137
v 2.01283458 8.47230406 -1.73535938 0.81176471 0.39607843 0.87843137
v 1.89199227 8.55064450 -1.66976018 0.81176471 0.39607843 0.87843137
v 1.92874095 8.55487944 -1.55922175 0.81176471 0.39607843 0.87843137
v 1.72538305 8.56123100 -1.61428361 0.81176471 0.39607843 0.87843137
v 1.84194189 8.55858438 -1.55922175 0.81176471 0.39607843 0.87843137
v 1.61423509 8.56123100 -1.72555717 0.81176471 0.39607843 0.87843137
v 1.61423509 8.56017269 -1.75179685 0.81176471 0.39607843 0.87843137
v 1.88567957 8.52100247 -1.75179685 0.81176471 0.39607843 0.87843137
v 1.79842971 8.55276197 -1.75179685 0.81176471 0.39607843 0.87843137
v 1.86629067 8.53952885 -1.72555717 0.81176471 0.39607843 0.87843137
v 1.82864017 8.54482210 -1.75179685 0.81176471 0.39607843 0.87843137
v 1.84780357 8.55699691 -1.62531104 0.81176471 0.39607843 0.87843137
v 1.72538305 8.55858438 -1.72555717 0.81176471 0.39607843 0.87843137
v 1.72267760 8.55752607 -1.75179685 0.81176471 0.39607843 0.87843137
f 1195 1196 1197
f 1195 1197 1198
f 1195 1198 1199
f 1195 1199 1207
f 1195 1207 1213
f 1195 1213 1215
f 1195 1215 1208
f 1195 1208 1200
f 1195 1200 1202
f 1195 1202 1196
f 1196 1201 1197
f 1196 1202 1209
f 1196 1209 1217
f 1196 1217 1224
f 1196 1224 1219
f 1196 1219 1221
f 1196 1221 1218
f 1196 1218 1210
f 1196 1210 1204
f 1196 1204 1203
f 1196 1203 1201
f 1197 1201 1203
f 1197 1203 1198
f 1198 1203 1204
f 1198 1204 1199
f 1199 1204 1211
f 1199 1211 1205
f 1199 1205 1206
f 1199 1206 1207
f 1200 1208 1214
f 1200 1214 1216
f 1200 1216 1209
f 1200 1209 1202
f 1204 1210 1211
f 1205 1211 1212
f 1205 1212 1206
f 1206 1212 1207
f 1207 1212 1213
f 1208 1215 1214
f 1209 1216 1217
f 1210 1218 1212
f 1210 1212 1211
f 1212 1219 1213
f 1212 1218 1220
f 1212 1220 1221
f 1212 1221 1219
f 1213 1219 1222
f 1213 1222 1215
f 1214 1215 1222
f 1214 1222 1223
f 1214 1223 1216
f 1216 1223 1217
f 1217 1223 1224
f 1218 1221 1220
f 1219 1224 1222
f 1222 1224 1223

