# https://github.com/mikedh/trimesh

o geometry_0
v -13.54389440 -1.30587073 11.81904200 0.54509804 0.71372549 0.60000000
v -13.62370671 -0.55515801 11.78398696 0.54509804 0.71372549 0.60000000
v -14.04455890 -2.90891854 11.68313882 0.54509804 0.71372549 0.60000000
v -13.54389440 -2.22135259 11.81904200 0.54509804 0.71372549 0.60000000
v -13.12633686 -2.09065333 11.76595126 0.54509804 0.71372549 0.60000000
v -12.62491259 -0.59950745 11.44232410 0.54509804 0.71372549 0.60000000
v -12.21368876 -0.47938164 10.57533881 0.54509804 0.71372549 0.60000000
v -14.31896104 -0.47938164 11.51294236 0.54509804 0.71372549 0.60000000
v -14.50316274 -1.56785654 11.35849631 0.54509804 0.71372549 0.60000000
v -14.80188936 -2.54854109 10.71327469 0.54509804 0.71372549 0.60000000
v -14.37495606 -3.47958954 11.02089785 0.54509804 0.71372549 0.60000000
v -13.54997551 -3.40087631 11.60820158 0.54509804 0.71372549 0.60000000
v -12.86080231 -3.38061049 11.44537215 0.54509804 0.71372549 0.60000000
v -12.64188901 -1.50235996 11.50176552 0.54509804 0.71372549 0.60000000
v -12.21368876 -1.69855568 10.79557796 0.54509804 0.71372549 0.60000000
v -12.30084914 -1.69855568 9.94485025 0.54509804 0.71372549 0.60000000
v -12.58310652 -0.55515801 9.60496651 0.54509804 0.71372549 0.60000000
v -13.65461849 -0.47938164 9.22418422 0.54509804 0.71372549 0.60000000
v -14.40586783 -0.47938164 9.55365288 0.54509804 0.71372549 0.60000000
v -14.76489647 -0.68908790 10.42114635 0.54509804 0.71372549 0.60000000
v -14.77908541 -1.43686363 10.82733136 0.54509804 0.71372549 0.60000000
v -14.78770041 -2.48333841 10.20420983 0.54509804 0.71372549 0.60000000
v -14.59665683 -3.36710007 10.31801192 0.54509804 0.71372549 0.60000000
v -13.92141998 -3.34742179 9.42079875 0.54509804 0.71372549 0.60000000
v -12.37230004 -3.24080640 9.98905143 0.54509804 0.71372549 0.60000000
v -12.25498866 -2.92683468 10.74096270 0.54509804 0.71372549 0.60000000
v -12.44653842 -1.30587073 9.70352736 0.54509804 0.71372549 0.60000000
v -12.44653842 -2.22135259 9.70378195 0.54509804 0.71372549 0.60000000
v -12.63606048 -1.56785654 9.50310202 0.54509804 0.71372549 0.60000000
v -12.78073640 -2.09065333 9.39336433 0.54509804 0.71372549 0.60000000
v -12.91147697 -3.24521199 9.43197559 0.54509804 0.71372549 0.60000000
v -14.47275814 -2.22135259 9.60979266 0.54509804 0.71372549 0.60000000
f 1 2 3
f 1 3 4
f 1 4 5
f 1 5 2
f 2 6 7
f 2 7 8
f 2 8 3
f 2 5 6
f 3 8 9
f 3 9 10
f 3 10 11
f 3 11 12
f 3 12 4
f 4 12 5
f 5 12 13
f 5 13 14
f 5 14 6
f 6 14 15
f 6 15 7
f 7 15 16
f 7 16 17
f 7 17 18
f 7 18 19
f 7 19 8
f 8 19 20
f 8 20 21
f 8 21 9
f 9 21 10
f 10 22 23
f 10 23 11
f 10 21 20
f 10 20 22
f 11 23 24
f 11 24 13
f 11 13 12
f 13 24 25
f 13 25 26
f 13 26 14
f 14 26 15
f 15 26 16
f 16 27 17
f 16 26 25
f 16 25 28
f 16 28 27
f 17 27 29
f 17 29 30
f 17 30 18
f 18 30 31
f 18 31 24
f 18 24 32
f 18 32 19
f 19 32 22
f 19 22 20
f 22 32 23
f 23 32 24
f 24 31 25
f 25 31 28
f 27 28 29
f 28 31 30
f 28 30 29

o geometry_1
v -14.80919449 -10.85632281 -10.37082212 0.54117647 0.42352941 0.64313725
v -14.77895063 -10.72531767 -10.82736830 0.54117647 0.42352941 0.64313725
v -14.74870777 -13.34410757 -10.92664899 0.54117647 0.42352941 0.64313725
v -14.78766547 -14.52184194 -10.20404910 0.54117647 0.42352941 0.64313725
v -14.78766547 -7.06503803 -10.20380449 0.54117647 0.42352941 0.64313725
v -14.79048389 -3.85934575 -10.77063549 0.54117647 0.42352941 0.64313725
v -14.79432864 -6.01830829 -10.76207739 0.54117647 0.42352941 0.64313725
v -14.62055600 -4.44755800 -11.19637074 0.54117647 0.42352941 0.64313725
v -14.66079561 -14.78254235 -11.13107982 0.54117647 0.42352941 0.64313725
v -13.67121552 -17.24019606 -10.77503733 0.54117647 0.42352941 0.64313725
v -14.58441772 -14.38952693 -9.74921513 0.54117647 0.42352941 0.64313725
v -14.67771213 -4.97157805 -9.90376101 0.54117647 0.42352941 0.64313725
v -14.76921146 -9.55020304 -10.13851358 0.54117647 0.42352941 0.64313725
v -12.45788299 -3.92091820 -10.04143332 0.54117647 0.42352941 0.64313725
v -14.26404127 -4.84057292 -9.42178315 0.54117647 0.42352941 0.64313725
v -12.42328221 -6.27900819 -11.26532969 0.54117647 0.42352941 0.64313725
v -13.12631789 -8.63578781 -11.76589236 0.54117647 0.42352941 0.64313725
v -14.36938111 -6.41001308 -11.49372458 0.54117647 0.42352941 0.64313725
v -14.58774930 -14.32402536 -11.24478906 0.54117647 0.42352941 0.64313725
v -12.89923486 -14.12882753 -11.67516977 0.54117647 0.42352941 0.64313725
v -12.32768154 -13.75153357 -10.49333405 0.54117647 0.42352941 0.64313725
v -13.02661689 -14.78254235 -9.26797107 0.54117647 0.42352941 0.64313725
v -14.32939808 -13.73581211 -9.47509153 0.54117647 0.42352941 0.64313725
v -14.44037676 -11.31615017 -9.57510602 0.54117647 0.42352941 0.64313725
v -12.78082326 -8.89648772 -9.39341724 0.54117647 0.42352941 0.64313725
v -12.42379537 -8.34102675 -9.73625419 0.54117647 0.42352941 0.64313725
v -12.19081692 -11.38034236 -10.37082212 0.54117647 0.42352941 0.64313725
v -12.28718634 -8.76548308 -11.02250624 0.54117647 0.42352941 0.64313725
v -14.26404127 -7.98207299 -9.42178315 0.54117647 0.42352941 0.64313725
v -14.01696573 -7.19604291 -9.28435445 0.54117647 0.42352941 0.64313725
v -12.83387806 -8.63578781 -11.64093439 0.54117647 0.42352941 0.64313725
v -14.36938111 -11.51134750 -11.49372458 0.54117647 0.42352941 0.64313725
f 33 34 35
f 33 35 36
f 33 36 37
f 33 37 38
f 33 38 39
f 33 39 34
f 34 39 38
f 34 38 35
f 35 38 40
f 35 40 41
f 35 41 36
f 36 41 42
f 36 42 43
f 36 43 44
f 36 44 45
f 36 45 37
f 37 44 38
f 37 45 44
f 38 46 40
f 38 44 47
f 38 47 46
f 40 46 48
f 40 48 49
f 40 49 50
f 40 50 51
f 40 51 41
f 41 51 52
f 41 52 42
f 42 52 53
f 42 53 54
f 42 54 43
f 43 54 55
f 43 55 56
f 43 56 44
f 44 56 47
f 46 47 57
f 46 57 58
f 46 58 59
f 46 59 60
f 46 60 48
f 47 56 55
f 47 55 61
f 47 61 62
f 47 62 57
f 48 60 52
f 48 52 63
f 48 63 49
f 49 63 52
f 49 52 64
f 49 64 50
f 50 64 51
f 51 64 52
f 52 60 53
f 53 60 59
f 53 59 54
f 54 59 58
f 54 58 57
f 54 57 62
f 54 62 55
f 55 62 61

o geometry_2
v 13.54367974 -11.11937040 -9.18070386 0.43529412 0.89019608 0.96078431
v 12.78079730 -13.60392940 -9.39326848 0.43529412 0.89019608 0.96078431
v 14.22884147 -16.78204049 -9.58439593 0.43529412 0.89019608 0.96078431
v 14.26386656 -12.03480447 -9.42167932 0.43529412 0.89019608 0.96078431
v 14.01690084 -4.70867523 -9.28453216 0.43529412 0.89019608 0.96078431
v 12.63635100 -4.44826186 -9.50329570 0.43529412 0.89019608 0.96078431
v 12.30067343 -12.16501141 -9.94495608 0.43529412 0.89019608 0.96078431
v 12.29198055 -15.49857292 -10.44343713 0.43529412 0.89019608 0.96078431
v 12.63635100 -11.51131955 -9.50329570 0.43529412 0.89019608 0.96078431
v 12.57064676 -12.03480447 -9.56115070 0.43529412 0.89019608 0.96078431
v 12.42390020 -11.70663020 -9.73652375 0.43529412 0.89019608 0.96078431
v 13.54367974 -12.16501141 -11.81929658 0.43529412 0.89019608 0.96078431
v 14.62383167 -13.65840489 -10.87347339 0.43529412 0.89019608 0.96078431
v 14.78770840 -14.65222809 -10.20426874 0.43529412 0.89019608 0.96078431
v 14.50265057 -13.60392940 -9.64276709 0.43529412 0.89019608 0.96078431
v 14.53205080 -4.57979713 -9.67505263 0.43529412 0.89019608 0.96078431
v 14.67751944 -4.31672608 -9.90363023 0.43529412 0.89019608 0.96078431
v 12.76699173 -3.20863904 -10.62759091 0.43529412 0.89019608 0.96078431
v 12.31780159 -4.97041794 -11.08758849 0.43529412 0.89019608 0.96078431
v 12.44665323 -5.23216015 -9.70346346 0.43529412 0.89019608 0.96078431
v 12.19022888 -7.19589216 -10.66478348 0.43529412 0.89019608 0.96078431
v 12.42338803 -9.81065884 -11.26554334 0.43529412 0.89019608 0.96078431
v 12.67469969 -11.24957734 -11.53105593 0.43529412 0.89019608 0.96078431
v 13.85276952 -11.51131955 -11.77280612 0.43529412 0.89019608 0.96078431
v 12.89942256 -11.11804156 -11.67491817 0.43529412 0.89019608 0.96078431
v 13.12619109 -10.07240105 -11.76609103 0.43529412 0.89019608 0.96078431
v 12.83397390 -6.14759397 -11.64108315 0.43529412 0.89019608 0.96078431
v 14.30400434 -9.94219412 -11.54655275 0.43529412 0.89019608 0.96078431
v 14.66090244 -8.76634668 -11.13123757 0.43529412 0.89019608 0.96078431
v 14.80202514 -8.43817191 -10.71333958 0.43529412 0.89019608 0.96078431
v 14.76930131 -8.63613924 -10.13866633 0.43529412 0.89019608 0.96078431
v 12.62561345 -5.56033442 -11.48740585 0.43529412 0.89019608 0.96078431
f 65 66 67
f 65 67 68
f 65 68 69
f 65 69 70
f 65 70 66
f 66 71 72
f 66 72 67
f 66 70 73
f 66 73 74
f 66 74 75
f 66 75 71
f 67 72 76
f 67 76 77
f 67 77 78
f 67 78 79
f 67 79 68
f 68 79 80
f 68 80 69
f 69 80 81
f 69 81 82
f 69 82 70
f 70 82 83
f 70 83 84
f 70 84 74
f 70 74 73
f 71 75 84
f 71 84 85
f 71 85 72
f 72 85 86
f 72 86 87
f 72 87 76
f 74 84 75
f 76 88 77
f 76 87 89
f 76 89 90
f 76 90 91
f 76 91 88
f 77 88 92
f 77 92 93
f 77 93 94
f 77 94 78
f 78 94 95
f 78 95 81
f 78 81 79
f 79 81 80
f 81 95 94
f 81 94 93
f 81 93 91
f 81 91 82
f 82 91 96
f 82 96 83
f 83 96 86
f 83 86 85
f 83 85 84
f 86 96 87
f 87 96 91
f 87 91 89
f 88 91 92
f 89 91 90
f 91 93 92

o geometry_3
v 12.21361288 -1.69855568 10.79560691 0.38039216 0.78823529 0.52549020
v 12.64178318 -1.50235996 11.50198317 0.38039216 0.78823529 0.52549020
v 12.51687913 -0.54722790 11.29908784 0.38039216 0.78823529 0.52549020
v 12.22222689 -0.47938164 10.25430943 0.38039216 0.78823529 0.52549020
v 12.25490978 -2.92683468 10.74106453 0.38039216 0.78823529 0.52549020
v 13.31824104 -0.47938164 11.79020685 0.38039216 0.78823529 0.52549020
v 12.86093509 -3.38061049 11.44550294 0.38039216 0.78823529 0.52549020
v 13.12619808 -2.09065333 11.76596624 0.38039216 0.78823529 0.52549020
v 14.07121259 -0.47938164 9.34285539 0.38039216 0.78823529 0.52549020
v 12.83711979 -0.51726982 9.43254666 0.38039216 0.78823529 0.52549020
v 12.44644657 -1.30587073 9.70355831 0.38039216 0.78823529 0.52549020
v 12.30076727 -1.69855568 9.94475441 0.38039216 0.78823529 0.52549020
v 12.37221318 -3.24080640 9.98887272 0.38039216 0.78823529 0.52549020
v 13.54372767 -1.30587073 11.81929559 0.38039216 0.78823529 0.52549020
v 14.05398458 -0.55515801 11.66391206 0.38039216 0.78823529 0.52549020
v 14.76211299 -0.55780122 10.71100637 0.38039216 0.78823529 0.52549020
v 14.37498601 -3.47958954 11.02080400 0.38039216 0.78823529 0.52549020
v 13.54980779 -3.40087631 11.60815865 0.38039216 0.78823529 0.52549020
v 13.92147988 -3.34742179 9.42091057 0.38039216 0.78823529 0.52549020
v 13.54372767 -2.22135259 11.81929559 0.38039216 0.78823529 0.52549020
v 14.69446690 -0.77250037 9.98402460 0.38039216 0.78823529 0.52549020
v 14.47278111 -2.22135259 9.60974674 0.38039216 0.78823529 0.52549020
v 12.78087518 -2.09065333 9.39327647 0.38039216 0.78823529 0.52549020
v 12.63620923 -1.56785654 9.50308704 0.38039216 0.78823529 0.52549020
v 12.44644657 -2.22135259 9.70380092 0.38039216 0.78823529 0.52549020
v 12.91135317 -3.24521199 9.43181884 0.38039216 0.78823529 0.52549020
v 14.04435723 -2.90891854 11.68306194 0.38039216 0.78823529 0.52549020
v 14.50318371 -1.56785654 11.35847834 0.38039216 0.78823529 0.52549020
v 14.77908741 -1.43686363 10.82736231 0.38039216 0.78823529 0.52549020
v 14.80188936 -2.54854109 10.71318783 0.38039216 0.78823529 0.52549020
v 14.78770141 -2.48333841 10.20413096 0.38039216 0.78823529 0.52549020
v 14.59667180 -3.36710007 10.31782024 0.38039216 0.78823529 0.52549020
f 97 98 99
f 97 99 100
f 97 100 101
f 97 101 98
f 98 102 99
f 98 101 103
f 98 103 104
f 98 104 102
f 99 102 100
f 100 102 105
f 100 105 106
f 100 106 107
f 100 107 108
f 100 108 101
f 101 109 103
f 101 108 109
f 102 104 110
f 102 110 111
f 102 111 112
f 102 112 105
f 103 113 114
f 103 114 104
f 103 109 115
f 103 115 113
f 104 114 116
f 104 116 110
f 105 112 117
f 105 117 118
f 105 118 115
f 105 115 119
f 105 119 106
f 106 119 120
f 106 120 107
f 107 120 121
f 107 121 108
f 108 121 109
f 109 121 122
f 109 122 115
f 110 116 123
f 110 123 111
f 111 123 124
f 111 124 112
f 112 124 125
f 112 125 126
f 112 126 127
f 112 127 117
f 113 115 128
f 113 128 126
f 113 126 123
f 113 123 114
f 114 123 116
f 115 122 119
f 115 118 128
f 117 127 118
f 118 127 128
f 119 122 121
f 119 121 120
f 123 126 124
f 124 126 125
f 126 128 127

o geometry_4
v -11.97061571 -0.07154705 -10.79672509 0.56470588 0.92549020 0.07058824
v -11.90639307 -0.05470866 -13.36249913 0.56470588 0.92549020 0.07058824
v -7.20319799 -0.06974298 -11.50913654 0.56470588 0.92549020 0.07058824
v -10.14099555 -0.07094578 -9.17446400 0.56470588 0.92549020 0.07058824
v -11.97061571 -0.07154705 -10.13981347 0.56470588 0.92549020 0.07058824
v -11.97061571 0.46065895 -13.81105430 0.56470588 0.92549020 0.07058824
v -7.18257200 -0.02343797 -13.39661869 0.56470588 0.92549020 0.07058824
v -11.90639307 0.06375985 -13.51489851 0.56470588 0.92549020 0.07058824
v -9.95583041 -0.06854019 -9.20175965 0.56470588 0.92549020 0.07058824
v -7.18257200 1.02894658 -9.17446400 0.56470588 0.92549020 0.07058824
v -11.97061571 -0.07094578 -9.17446400 0.56470588 0.92549020 0.07058824
v -7.18257200 0.47388896 -13.81332961 0.56470588 0.92549020 0.07058824
v -11.90639307 0.29348009 -13.74327044 0.56470588 0.92549020 0.07058824
v -11.97061571 5.49827366 -13.82197256 0.56470588 0.92549020 0.07058824
v -7.18257200 0.25078297 -13.69914314 0.56470588 0.92549020 0.07058824
v -7.18257200 5.11761117 -9.17491926 0.56470588 0.92549020 0.07058824
v -8.97000222 6.05754094 -9.17446400 0.56470588 0.92549020 0.07058824
v -11.97061571 5.06048200 -9.17446400 0.56470588 0.92549020 0.07058824
v -7.18257200 5.49827366 -13.82197256 0.56470588 0.92549020 0.07058824
v -11.97061571 6.07077144 -13.21828745 0.56470588 0.92549020 0.07058824
v -11.90639307 5.99199244 -13.45029947 0.56470588 0.92549020 0.07058824
v -11.90639307 5.72558931 -13.72052440 0.56470588 0.92549020 0.07058824
v -7.18257200 5.72077812 -13.72325397 0.56470588 0.92549020 0.07058824
v -7.18257200 6.07077144 -13.25695662 0.56470588 0.92549020 0.07058824
v -7.21257375 6.05453482 -10.61202520 0.56470588 0.92549020 0.07058824
v -7.39445722 6.07137246 -10.53468786 0.56470588 0.92549020 0.07058824
v -8.83358887 6.07137246 -9.35688859 0.56470588 0.92549020 0.07058824
v -11.16104513 6.06776433 -9.17446400 0.56470588 0.92549020 0.07058824
v -11.51871797 5.88254428 -9.17446400 0.56470588 0.92549020 0.07058824
v -11.97061571 6.06596026 -12.69285020 0.56470588 0.92549020 0.07058824
v -7.18257200 5.98537719 -13.45621286 0.56470588 0.92549020 0.07058824
v -11.35933594 6.00762804 -9.17446400 0.56470588 0.92549020 0.07058824
f 129 130 131
f 129 131 132
f 129 132 133
f 129 133 139
f 129 139 146
f 129 146 158
f 129 158 148
f 129 148 142
f 129 142 134
f 129 134 130
f 130 135 131
f 130 134 136
f 130 136 135
f 131 137 132
f 131 135 138
f 131 138 137
f 132 139 133
f 132 137 138
f 132 138 145
f 132 145 156
f 132 156 160
f 132 160 157
f 132 157 146
f 132 146 139
f 134 140 141
f 134 141 136
f 134 142 140
f 135 136 143
f 135 143 140
f 135 140 147
f 135 147 151
f 135 151 159
f 135 159 152
f 135 152 144
f 135 144 138
f 136 141 143
f 138 144 145
f 140 143 141
f 140 142 147
f 142 148 149
f 142 149 150
f 142 150 151
f 142 151 147
f 144 152 153
f 144 153 145
f 145 153 154
f 145 154 155
f 145 155 156
f 146 157 158
f 148 152 149
f 148 158 156
f 148 156 155
f 148 155 154
f 148 154 152
f 149 159 150
f 149 152 159
f 150 159 151
f 152 154 153
f 156 158 160
f 157 160 158

o geometry_5
v -1.56806478 -2.09137566 -0.08345217 0.08627451 0.01960784 0.83137255
v -1.56806478 -2.09137566 0.08345217 0.08627451 0.01960784 0.83137255
v -1.55425047 -0.69759907 0.00632670 0.08627451 0.01960784 0.83137255
v -1.54657594 -2.67932284 -0.26150355 0.08627451 0.01960784 0.83137255
v -1.54657594 -2.67932284 0.26150355 0.08627451 0.01960784 0.83137255
v -1.33322336 -0.47938164 0.80951617 0.08627451 0.01960784 0.83137255
v -1.14565737 -0.47938164 -1.00564387 0.08627451 0.01960784 0.83137255
v -1.17482061 -2.87575205 -1.04360406 0.08627451 0.01960784 0.83137255
v -1.02010163 -3.88437957 -0.87790480 0.08627451 0.01960784 0.83137255
v -1.42869486 -3.66146927 0.25367050 0.08627451 0.01960784 0.83137255
v -1.17482061 -2.87575205 1.04360406 0.08627451 0.01960784 0.83137255
v -1.04343228 -2.61395805 1.17495839 0.08627451 0.01960784 0.83137255
v -0.67014200 -0.47938164 1.37711142 0.08627451 0.01960784 0.83137255
v -0.26646048 -0.47938164 -1.53889417 0.08627451 0.01960784 0.83137255
v -1.04343228 -2.61395805 -1.17495839 0.08627451 0.01960784 0.83137255
v -0.03560993 -3.90214546 -1.36415684 0.08627451 0.01960784 0.83137255
v -0.41626776 -3.90281587 1.23912912 0.08627451 0.01960784 0.83137255
v 0.26646048 -0.47938164 1.53889417 0.08627451 0.01960784 0.83137255
v 0.67014200 -0.47938164 -1.37711142 0.08627451 0.01960784 0.83137255
v 1.02010163 -3.88437957 -0.87790480 0.08627451 0.01960784 0.83137255
v 0.79692563 -3.90382148 1.11440278 0.08627451 0.01960784 0.83137255
v 1.04343228 -2.61395805 -1.17495839 0.08627451 0.01960784 0.83137255
v 1.04343228 -2.61395805 1.17495839 0.08627451 0.01960784 0.83137255
v 1.14565737 -0.47938164 1.00564387 0.08627451 0.01960784 0.83137255
v 1.44373691 -0.58865808 -0.40792144 0.08627451 0.01960784 0.83137255
v 1.17482061 -2.87575205 -1.04360406 0.08627451 0.01960784 0.83137255
v 1.42869486 -3.66146927 0.25367050 0.08627451 0.01960784 0.83137255
v 1.54657594 -2.67932284 -0.26150355 0.08627451 0.01960784 0.83137255
v 1.17482061 -2.87575205 1.04360406 0.08627451 0.01960784 0.83137255
v 1.54657594 -2.67932284 0.26150355 0.08627451 0.01960784 0.83137255
v 1.56806478 -2.09137566 0.08345217 0.08627451 0.01960784 0.83137255
v 1.56806478 -2.09137566 -0.08345217 0.08627451 0.01960784 0.83137255
f 161 162 163
f 161 163 164
f 161 164 165
f 161 165 162
f 162 165 163
f 163 165 166
f 163 166 167
f 163 167 164
f 164 168 169
f 164 169 170
f 164 170 165
f 164 167 168
f 165 170 171
f 165 171 166
f 166 172 173
f 166 173 178
f 166 178 184
f 166 184 179
f 166 179 174
f 166 174 167
f 166 171 172
f 167 174 175
f 167 175 168
f 168 175 169
f 169 176 177
f 169 177 170
f 169 175 176
f 170 177 171
f 171 177 172
f 172 177 173
f 173 177 178
f 174 179 176
f 174 176 175
f 176 180 181
f 176 181 177
f 176 179 182
f 176 182 180
f 177 181 178
f 178 183 184
f 178 181 183
f 179 184 185
f 179 185 186
f 179 186 182
f 180 187 181
f 180 182 186
f 180 186 188
f 180 188 187
f 181 187 189
f 181 189 183
f 183 189 184
f 184 189 190
f 184 190 191
f 184 191 185
f 185 191 192
f 185 192 188
f 185 188 186
f 187 188 190
f 187 190 189
f 188 192 191
f 188 191 190

o geometry_6
v -16.48063767 0.40829204 -12.05914187 0.77647059 0.86666667 0.97647059
v -16.00655198 0.44375442 -12.57206745 0.77647059 0.86666667 0.97647059
v -16.16678762 0.23338524 -12.24138775 0.77647059 0.86666667 0.97647059
v -15.84322636 0.04465389 -12.26268914 0.77647059 0.86666667 0.97647059
v -13.54430772 -0.07856215 -12.01789090 0.77647059 0.86666667 0.97647059
v -15.70771055 6.06121197 -12.01789090 0.77647059 0.86666667 0.97647059
v -16.10498904 5.94280437 -12.04612403 0.77647059 0.86666667 0.97647059
v -16.40692045 5.67894110 -12.08078071 0.77647059 0.86666667 0.97647059
v -16.00169587 5.49862508 -12.59996313 0.77647059 0.86666667 0.97647059
v -15.23185873 0.45277027 -13.35092494 0.77647059 0.86666667 0.97647059
v -14.80897784 0.33736778 -13.65134381 0.77647059 0.86666667 0.97647059
v -15.24554250 0.13361035 -13.02092114 0.77647059 0.86666667 0.97647059
v -15.50156650 0.03383497 -12.62312350 0.77647059 0.86666667 0.97647059
v -15.46537031 -0.06473786 -12.45592417 0.77647059 0.86666667 0.97647059
v -15.01688702 -0.06894528 -12.80892061 0.77647059 0.86666667 0.97647059
v -11.97108495 -0.07134937 -12.01789090 0.77647059 0.86666667 0.97647059
v -11.97108495 5.01898342 -12.01789090 0.77647059 0.86666667 0.97647059
v -11.97152624 5.98968619 -12.53724204 0.77647059 0.86666667 0.97647059
v -11.97196752 6.03176083 -13.33384968 0.77647059 0.86666667 0.97647059
v -14.64167967 6.01673424 -13.30341913 0.77647059 0.86666667 0.97647059
v -15.65120836 5.99930356 -12.41281421 0.77647059 0.86666667 0.97647059
v -15.31528717 5.69637178 -13.18879737 0.77647059 0.86666667 0.97647059
v -15.87147745 5.72101474 -12.60030058 0.77647059 0.86666667 0.97647059
v -16.08953914 5.68795745 -12.42583106 0.77647059 0.86666667 0.97647059
v -15.21640883 5.49862508 -13.38473700 0.77647059 0.86666667 0.97647059
v -14.69773959 5.72341883 -13.66858779 0.77647059 0.86666667 0.97647059
v -11.97152624 0.34458056 -13.74500263 0.77647059 0.86666667 0.97647059
v -14.66198468 0.01219713 -13.34686753 0.77647059 0.86666667 0.97647059
v -15.07250565 -0.04790871 -12.91323012 0.77647059 0.86666667 0.97647059
v -11.97196752 -0.02687139 -13.38930158 0.77647059 0.86666667 0.97647059
v -11.97152624 5.69096257 -13.72336279 0.77647059 0.86666667 0.97647059
v -15.11267538 5.98006982 -12.94552065 0.77647059 0.86666667 0.97647059
f 193 194 195
f 193 195 196
f 193 196 197
f 193 197 198
f 193 198 199
f 193 199 200
f 193 200 201
f 193 201 194
f 194 202 195
f 194 201 202
f 195 203 204
f 195 204 205
f 195 205 196
f 195 202 203
f 196 205 206
f 196 206 197
f 197 206 207
f 197 207 208
f 197 208 209
f 197 209 198
f 198 209 210
f 198 210 211
f 198 211 212
f 198 212 213
f 198 213 199
f 199 213 214
f 199 214 215
f 199 215 216
f 199 216 200
f 200 216 201
f 201 216 217
f 201 217 202
f 202 217 203
f 203 217 218
f 203 218 219
f 203 219 220
f 203 220 204
f 204 220 221
f 204 221 205
f 205 221 206
f 206 221 207
f 207 221 220
f 207 220 222
f 207 222 208
f 208 222 219
f 208 219 209
f 209 219 223
f 209 223 210
f 210 223 211
f 211 223 218
f 211 218 212
f 212 218 214
f 212 214 224
f 212 224 213
f 213 224 214
f 214 217 216
f 214 216 215
f 214 218 217
f 218 223 219
f 219 222 220

o geometry_7
v -16.79472932 5.58432883 -9.17502010 0.79607843 0.45882353 0.78039216
v -16.31316778 6.03017141 -9.17502010 0.79607843 0.45882353 0.78039216
v -16.27020459 6.00743735 -11.70547652 0.79607843 0.45882353 0.78039216
v -16.62429425 5.67715999 -11.79981624 0.79607843 0.45882353 0.78039216
v -16.64978883 0.35294397 -11.79118925 0.79607843 0.45882353 0.78039216
v -16.74185224 0.33715662 -9.17502010 0.79607843 0.45882353 0.78039216
v -15.83349417 6.06616792 -9.17502010 0.79607843 0.45882353 0.78039216
v -15.80327827 6.06679890 -11.93005362 0.79607843 0.45882353 0.78039216
v -16.20882931 0.08329161 -11.97652811 0.79607843 0.45882353 0.78039216
v -16.41608955 0.00561632 -11.56049010 0.79607843 0.45882353 0.78039216
v -16.43119700 0.00624830 -9.17502010 0.79607843 0.45882353 0.78039216
v -11.97155818 5.06775817 -9.27909899 0.79607843 0.45882353 0.78039216
v -11.97155818 -0.07142724 -9.17502010 0.79607843 0.45882353 0.78039216
v -11.97391835 5.05260280 -11.84684682 0.79607843 0.45882353 0.78039216
v -11.97155818 -0.07142724 -12.01743564 0.79607843 0.45882353 0.78039216
v -15.70271766 -0.07079552 -12.01743564 0.79607843 0.45882353 0.78039216
v -14.41099849 -0.38465355 -11.44778423 0.79607843 0.45882353 0.78039216
v -14.75328533 -0.38465355 -10.87284441 0.79607843 0.45882353 0.78039216
v -14.80333002 -0.38465355 -10.34465663 0.79607843 0.45882353 0.78039216
v -14.61778750 -0.38465355 -9.81841768 0.79607843 0.45882353 0.78039216
v -14.14613985 -0.38465355 -9.36536781 0.79607843 0.45882353 0.78039216
v -13.61736602 -0.34297428 -9.19115987 0.79607843 0.45882353 0.78039216
v -13.03052154 -0.38465355 -9.28689033 0.79607843 0.45882353 0.78039216
v -12.40071487 -0.38465355 -9.79420702 0.79607843 0.45882353 0.78039216
v -12.21092325 -0.38465355 -10.24002165 0.79607843 0.45882353 0.78039216
v -11.97155818 -0.07205872 -10.27035436 0.79607843 0.45882353 0.78039216
v -11.97155818 -0.07205872 -10.79548112 0.79607843 0.45882353 0.78039216
v -12.23452890 -0.38465355 -10.81245653 0.79607843 0.45882353 0.78039216
v -12.50221995 -0.38465355 -11.34927030 0.79607843 0.45882353 0.78039216
v -12.96820180 -0.38465355 -11.69211923 0.79607843 0.45882353 0.78039216
v -13.53946659 -0.23119789 -11.91530459 0.79607843 0.45882353 0.78039216
v -14.00214382 -0.38465355 -11.71187812 0.79607843 0.45882353 0.78039216
f 225 226 227
f 225 227 228
f 225 228 229
f 225 229 230
f 225 230 235
f 225 235 237
f 225 237 231
f 225 231 226
f 226 231 232
f 226 232 227
f 227 232 228
f 228 232 233
f 228 233 229
f 229 233 234
f 229 234 230
f 230 234 235
f 231 236 232
f 231 237 236
f 232 236 238
f 232 238 239
f 232 239 240
f 232 240 233
f 233 240 234
f 234 240 241
f 234 241 242
f 234 242 243
f 234 243 235
f 235 243 244
f 235 244 245
f 235 245 246
f 235 246 237
f 236 239 238
f 236 237 250
f 236 250 251
f 236 251 239
f 237 246 247
f 237 247 248
f 237 248 249
f 237 249 250
f 239 251 249
f 239 249 252
f 239 252 253
f 239 253 254
f 239 254 255
f 239 255 240
f 240 255 256
f 240 256 241
f 241 256 254
f 241 254 253
f 241 253 252
f 241 252 249
f 241 249 248
f 241 248 247
f 241 247 245
f 241 245 244
f 241 244 243
f 241 243 242
f 245 247 246
f 249 251 250
f 254 256 255

o geometry_8
v 6.11442706 -0.06235024 -13.33574361 0.11764706 0.63921569 0.14117647
v 6.11442706 0.11446247 -13.60279270 0.11764706 0.63921569 0.14117647
v 11.71593153 -0.02686740 -13.38942938 0.11764706 0.63921569 0.14117647
v 11.71593153 -0.07197261 -9.17492326 0.11764706 0.63921569 0.14117647
v 6.14019719 -0.07076981 -12.14411980 0.11764706 0.63921569 0.14117647
v 6.11442706 1.02799562 -9.17492326 0.11764706 0.63921569 0.14117647
v 6.11442706 0.33938800 -13.80881494 0.11764706 0.63921569 0.14117647
v 11.71593153 0.20948457 -13.66014850 0.11764706 0.63921569 0.14117647
v 9.99534421 -0.06896574 -9.17492326 0.11764706 0.63921569 0.14117647
v 11.71593153 5.00929217 -9.17492326 0.11764706 0.63921569 0.14117647
v 6.11442706 5.17167133 -9.17492326 0.11764706 0.63921569 0.14117647
v 6.11442706 0.52642459 -13.86204046 0.11764706 0.63921569 0.14117647
v 11.71593153 0.43861976 -13.80055536 0.11764706 0.63921569 0.14117647
v 11.71593153 6.05994603 -12.43411061 0.11764706 0.63921569 0.14117647
v 11.56898530 5.79953715 -9.17492326 0.11764706 0.63921569 0.14117647
v 9.22497293 6.07197349 -9.17492326 0.11764706 0.63921569 0.14117647
v 9.02867888 6.06836535 -9.20061851 0.11764706 0.63921569 0.14117647
v 8.83403015 6.04491046 -9.22631475 0.11764706 0.63921569 0.14117647
v 6.16541921 6.05753994 -11.25303966 0.11764706 0.63921569 0.14117647
v 6.11442706 6.07197349 -11.45080233 0.11764706 0.63921569 0.14117647
v 6.11442706 5.55236077 -13.84965259 0.11764706 0.63921569 0.14117647
v 11.71593153 5.58182889 -13.79504931 0.11764706 0.63921569 0.14117647
v 11.71593153 6.07197349 -12.63141403 0.11764706 0.63921569 0.14117647
v 11.38639897 5.98597223 -9.17492326 0.11764706 0.63921569 0.14117647
v 11.12266350 6.07016942 -9.17492326 0.11764706 0.63921569 0.14117647
v 8.83403015 6.07137246 -9.35708527 0.11764706 0.63921569 0.14117647
v 6.11442706 6.07137246 -13.21644345 0.11764706 0.63921569 0.14117647
v 6.11442706 5.78811072 -13.70236191 0.11764706 0.63921569 0.14117647
v 11.71593153 5.99258848 -13.44999696 0.11764706 0.63921569 0.14117647
v 11.71593153 6.07077044 -13.21736196 0.11764706 0.63921569 0.14117647
v 6.47795439 6.07137246 -13.28159958 0.11764706 0.63921569 0.14117647
v 6.11442706 6.01123118 -13.45871480 0.11764706 0.63921569 0.14117647
f 257 258 259
f 257 259 260
f 257 260 261
f 257 261 262
f 257 262 267
f 257 267 276
f 257 276 283
f 257 283 288
f 257 288 284
f 257 284 277
f 257 277 268
f 257 268 263
f 257 263 258
f 258 263 264
f 258 264 259
f 259 264 269
f 259 269 278
f 259 278 285
f 259 285 286
f 259 286 279
f 259 279 270
f 259 270 266
f 259 266 260
f 260 265 261
f 260 266 271
f 260 271 280
f 260 280 281
f 260 281 272
f 260 272 267
f 260 267 262
f 260 262 265
f 261 265 262
f 263 268 269
f 263 269 264
f 266 270 271
f 267 272 273
f 267 273 274
f 267 274 275
f 267 275 276
f 268 277 278
f 268 278 269
f 270 279 280
f 270 280 271
f 272 281 279
f 272 279 276
f 272 276 282
f 272 282 273
f 273 282 274
f 274 282 275
f 275 282 276
f 276 279 283
f 277 284 278
f 278 284 285
f 279 286 287
f 279 287 283
f 279 281 280
f 283 287 288
f 284 288 285
f 285 288 287
f 285 287 286

o geometry_9
v -2.83464517 7.06325582 -9.31389745 0.94117647 0.52156863 0.41176471
v -1.52013640 7.05849355 -9.65312725 0.94117647 0.52156863 0.41176471
v -6.55041066 6.06793305 -11.04894128 0.94117647 0.52156863 0.41176471
v -7.18163502 6.05772763 -10.82602948 0.94117647 0.52156863 0.41176471
v -3.79254474 6.95576347 -9.17464671 0.94117647 0.52156863 0.41176471
v 3.79516498 6.96460810 -9.17666443 0.94117647 0.52156863 0.41176471
v 2.93878171 7.05713277 -9.29940400 0.94117647 0.52156863 0.41176471
v 2.18781990 7.05305040 -9.53020498 0.94117647 0.52156863 0.41176471
v -0.71711462 7.04556756 -9.78760874 0.94117647 0.52156863 0.41176471
v -7.18163502 1.02872793 -11.04894128 0.94117647 0.52156863 0.41176471
v 0.12755493 7.03740382 -9.82136589 0.94117647 0.52156863 0.41176471
v 6.11442706 5.25221746 -11.04894128 0.94117647 0.52156863 0.41176471
v -7.16862017 5.11751133 -9.17501411 0.94117647 0.52156863 0.41176471
v -7.18163502 1.02872793 -9.17464671 0.94117647 0.52156863 0.41176471
v 6.11442706 5.17125800 -9.17464671 0.94117647 0.52156863 0.41176471
v 1.25725167 7.01495230 -9.75953835 0.94117647 0.52156863 0.41176471
v 6.11442706 1.02872793 -11.04894128 0.94117647 0.52156863 0.41176471
v -0.00129296 0.18988092 -10.78126322 0.94117647 0.52156863 0.41176471
v -1.00474483 0.16334803 -10.71668315 0.94117647 0.52156863 0.41176471
v -1.76481721 0.14429899 -10.57082714 0.94117647 0.52156863 0.41176471
v -2.64462717 0.14293820 -10.36773014 0.94117647 0.52156863 0.41176471
v -3.74048508 0.14021712 -10.01694211 0.94117647 0.52156863 0.41176471
v -4.80640838 0.14089751 -9.55405523 0.94117647 0.52156863 0.41176471
v -5.70053507 0.18375787 -9.17464671 0.94117647 0.52156863 0.41176471
v 6.11442706 1.02804804 -9.17464671 0.94117647 0.52156863 0.41176471
v 5.50662913 0.16538922 -9.23317261 0.94117647 0.52156863 0.41176471
v 4.74265247 0.14770046 -9.61661758 0.94117647 0.52156863 0.41176471
v 3.99819808 0.14770046 -9.94905941 0.94117647 0.52156863 0.41176471
v 3.13140298 0.14770046 -10.25141214 0.94117647 0.52156863 0.41176471
v 2.07979592 0.14497938 -10.50441206 0.94117647 0.52156863 0.41176471
v 1.02168131 0.16334803 -10.71649945 0.94117647 0.52156863 0.41176471
v -0.00129296 0.11300384 -9.17464671 0.94117647 0.52156863 0.41176471
f 289 290 291
f 289 291 292
f 289 292 293
f 289 293 294
f 289 294 295
f 289 295 290
f 290 295 296
f 290 296 297
f 290 297 291
f 291 298 292
f 291 297 299
f 291 299 300
f 291 300 305
f 291 305 298
f 292 301 293
f 292 298 302
f 292 302 301
f 293 301 302
f 293 302 312
f 293 312 320
f 293 320 313
f 293 313 303
f 293 303 294
f 294 303 300
f 294 300 295
f 295 300 296
f 296 304 299
f 296 299 297
f 296 300 304
f 298 305 306
f 298 306 307
f 298 307 308
f 298 308 309
f 298 309 310
f 298 310 311
f 298 311 312
f 298 312 302
f 299 304 300
f 300 303 313
f 300 313 305
f 305 313 314
f 305 314 315
f 305 315 316
f 305 316 317
f 305 317 318
f 305 318 319
f 305 319 306
f 306 319 307
f 307 319 308
f 308 319 318
f 308 318 320
f 308 320 309
f 309 320 310
f 310 320 311
f 311 320 312
f 313 320 314
f 314 320 315
f 315 320 316
f 316 320 318
f 316 318 317

o geometry_10
v -13.54437561 -0.22243114 -9.17446400 0.26274510 0.77254902 0.45490196
v -10.56735778 -0.07084769 -9.17446400 0.26274510 0.77254902 0.45490196
v -10.56735778 -0.07084769 -8.57099055 0.26274510 0.77254902 0.45490196
v -13.25114207 -0.06961544 2.89027877 0.26274510 0.77254902 0.45490196
v -16.39222433 -0.03141151 2.89027877 0.26274510 0.77254902 0.45490196
v -16.34753594 -0.05236197 -9.17446400 0.26274510 0.77254902 0.45490196
v -10.56735778 6.07135749 -9.17446400 0.26274510 0.77254902 0.45490196
v -10.56735778 0.14358714 1.81087612 0.26274510 0.77254902 0.45490196
v -10.56735778 0.26559290 2.30924386 0.26274510 0.77254902 0.45490196
v -10.56735778 1.02474241 2.89027877 0.26274510 0.77254902 0.45490196
v -10.56735778 0.16515410 2.06832681 0.26274510 0.77254902 0.45490196
v -16.72096318 0.27976587 2.89027877 0.26274510 0.77254902 0.45490196
v -16.55628775 0.10599922 -9.17446400 0.26274510 0.77254902 0.45490196
v -16.18592054 6.07135749 -9.17446400 0.26274510 0.77254902 0.45490196
v -10.56735778 6.07135749 -7.42545436 0.26274510 0.77254902 0.45490196
v -10.56735778 5.17110026 2.89027877 0.26274510 0.77254902 0.45490196
v -16.81646401 0.50036244 2.89027877 0.26274510 0.77254902 0.45490196
v -16.73198327 0.28223037 -9.17446400 0.26274510 0.77254902 0.45490196
v -16.36957413 6.03746656 -9.17446400 0.26274510 0.77254902 0.45490196
v -16.34324990 6.04855853 2.89027877 0.26274510 0.77254902 0.45490196
v -16.16020931 6.07135749 2.89027877 0.26274510 0.77254902 0.45490196
v -10.56735778 6.06211451 -7.22941389 0.26274510 0.77254902 0.45490196
v -12.56305510 6.07012549 2.89027877 0.26274510 0.77254902 0.45490196
v -16.82074904 5.49829862 2.89027877 0.26274510 0.77254902 0.45490196
v -16.81278998 0.47448249 -9.17446400 0.26274510 0.77254902 0.45490196
v -16.51098636 5.93949175 -9.17446400 0.26274510 0.77254902 0.45490196
v -16.49078518 5.95921071 2.89027877 0.26274510 0.77254902 0.45490196
v -16.77055061 5.66343829 2.89027877 0.26274510 0.77254902 0.45490196
v -16.81462699 5.52417856 -9.17446400 0.26274510 0.77254902 0.45490196
v -16.62179032 5.82857797 -9.17446400 0.26274510 0.77254902 0.45490196
v -16.62179032 5.82857797 2.89027877 0.26274510 0.77254902 0.45490196
v -16.76687658 5.67021628 -9.17446400 0.26274510 0.77254902 0.45490196
f 321 322 323
f 321 323 324
f 321 324 325
f 321 325 326
f 321 326 333
f 321 333 338
f 321 338 345
f 321 345 349
f 321 349 352
f 321 352 350
f 321 350 346
f 321 346 339
f 321 339 334
f 321 334 327
f 321 327 322
f 322 327 335
f 322 335 342
f 322 342 336
f 322 336 330
f 322 330 329
f 322 329 331
f 322 331 328
f 322 328 323
f 323 328 324
f 324 329 330
f 324 330 336
f 324 336 343
f 324 343 341
f 324 341 340
f 324 340 347
f 324 347 351
f 324 351 348
f 324 348 344
f 324 344 337
f 324 337 332
f 324 332 325
f 324 328 331
f 324 331 329
f 325 332 333
f 325 333 326
f 327 334 341
f 327 341 335
f 332 337 338
f 332 338 333
f 334 339 340
f 334 340 341
f 335 341 343
f 335 343 342
f 336 342 343
f 337 344 345
f 337 345 338
f 339 346 347
f 339 347 340
f 344 348 349
f 344 349 345
f 346 350 351
f 346 351 347
f 348 351 352
f 348 352 349
f 350 352 351

o geometry_11
v 2.15788554 6.07197349 -14.32869223 0.56470588 0.01568627 0.61568627
v 4.57866392 6.06716430 -13.80543943 0.56470588 0.01568627 0.61568627
v 3.90188757 5.85495111 -14.27739358 0.56470588 0.01568627 0.61568627
v 3.05982079 5.83932051 -14.47955111 0.56470588 0.01568627 0.61568627
v 2.07328825 5.83811846 -14.67372860 0.56470588 0.01568627 0.61568627
v 1.20128748 6.00644596 -14.57378998 0.56470588 0.01568627 0.61568627
v -3.59732069 6.07137246 -14.06687564 0.56470588 0.01568627 0.61568627
v -6.88229141 6.07016942 -11.04933465 0.56470588 0.01568627 0.61568627
v 6.11442706 6.00945207 -11.25719191 0.56470588 0.01568627 0.61568627
v 6.10791963 5.69203483 -13.68346062 0.56470588 0.01568627 0.61568627
v 4.68148236 5.62530525 -14.26865378 0.56470588 0.01568627 0.61568627
v 1.55789680 0.28752726 -14.82496586 0.56470588 0.01568627 0.61568627
v -0.46852928 5.82008377 -14.84928635 0.56470588 0.01568627 0.61568627
v -1.22860172 5.82609500 -14.78696661 0.56470588 0.01568627 0.61568627
v -2.17608921 5.84232663 -14.64332899 0.56470588 0.01568627 0.61568627
v -3.00123648 5.84893988 -14.50083053 0.56470588 0.01568627 0.61568627
v -7.18163502 5.86457048 -13.52386294 0.56470588 0.01568627 0.61568627
v -7.18163502 1.02816685 -11.04933465 0.56470588 0.01568627 0.61568627
v 6.11442706 5.25197884 -11.04933465 0.56470588 0.01568627 0.61568627
v 6.11442706 0.22861199 -13.63634118 0.56470588 0.01568627 0.61568627
v 4.41727915 0.20216097 -14.16187528 0.56470588 0.01568627 0.61568627
v 3.23942696 0.12821712 -14.41457169 0.56470588 0.01568627 0.61568627
v 0.40867765 0.18893546 -14.85574585 0.56470588 0.01568627 0.61568627
v -0.38263066 0.25927217 -14.90780526 0.56470588 0.01568627 0.61568627
v -1.87153968 0.46667518 -14.93136498 0.56470588 0.01568627 0.61568627
v -7.18163502 0.24604616 -13.64394183 0.56470588 0.01568627 0.61568627
v -7.16862017 -0.06115119 -11.50038876 0.56470588 0.01568627 0.61568627
v 1.11148440 1.02816685 -11.04933465 0.56470588 0.01568627 0.61568627
v 6.11442706 1.02876787 -11.04933465 0.56470588 0.01568627 0.61568627
v 6.11442706 -0.06896624 -12.13498065 0.56470588 0.01568627 0.61568627
v -1.24421960 0.10897937 -14.71856774 0.56470588 0.01568627 0.61568627
v -2.62640627 0.11078344 -14.52857046 0.56470588 0.01568627 0.61568627
f 353 354 355
f 353 355 356
f 353 356 357
f 353 357 358
f 353 358 359
f 353 359 360
f 353 360 354
f 354 361 362
f 354 362 363
f 354 363 355
f 354 360 361
f 355 363 356
f 356 363 357
f 357 363 364
f 357 364 365
f 357 365 358
f 358 365 366
f 358 366 359
f 359 366 367
f 359 367 368
f 359 368 369
f 359 369 360
f 360 369 370
f 360 370 380
f 360 380 381
f 360 381 371
f 360 371 361
f 361 371 381
f 361 381 382
f 361 382 372
f 361 372 362
f 362 372 363
f 363 372 373
f 363 373 364
f 364 373 374
f 364 374 375
f 364 375 376
f 364 376 365
f 365 376 377
f 365 377 366
f 366 377 367
f 367 377 368
f 368 377 369
f 369 378 370
f 369 377 378
f 370 378 379
f 370 379 380
f 372 382 374
f 372 374 373
f 374 382 383
f 374 383 375
f 375 383 376
f 376 383 377
f 377 383 384
f 377 384 378
f 378 384 379
f 379 382 381
f 379 381 380
f 379 384 383
f 379 383 382

o geometry_12
v -10.56641331 -0.07127399 -9.17420442 0.61176471 0.61568627 0.94117647
v -10.54984723 -0.07127399 -8.70182496 0.61176471 0.61568627 0.94117647
v -10.54984723 -0.07057513 -8.57108440 0.61176471 0.61568627 0.94117647
v -10.56011854 -0.06708131 -8.42555685 0.61176471 0.61568627 0.94117647
v -10.56641331 1.02858816 -6.52462555 0.61176471 0.61568627 0.94117647
v -10.56641331 6.07090423 -9.17420442 0.61176471 0.61568627 0.94117647
v -9.91669200 -0.06568383 -9.17420442 0.61176471 0.61568627 0.94117647
v -10.14099655 -0.07127399 -9.13425633 0.61176471 0.61568627 0.94117647
v -10.40274025 -0.07127399 -8.83256653 0.61176471 0.61568627 0.94117647
v -10.01310635 -0.06847904 -9.13633096 0.61176471 0.61568627 0.94117647
v -7.18163502 0.12927240 -6.52462555 0.61176471 0.61568627 0.94117647
v -8.31011543 0.12927240 -6.52462555 0.61176471 0.61568627 0.94117647
v -8.44065632 0.13416395 -6.52462555 0.61176471 0.61568627 0.94117647
v -8.56688921 0.16491000 -6.52462555 0.61176471 0.61568627 0.94117647
v -10.56641331 5.17158946 -6.52462555 0.61176471 0.61568627 0.94117647
v -10.56641331 6.07090423 -7.36121174 0.61176471 0.61568627 0.94117647
v -7.37148205 7.03450653 -6.52462555 0.61176471 0.61568627 0.94117647
v -7.21377330 7.06595144 -6.53318565 0.61176471 0.61568627 0.94117647
v -7.18163502 7.05966265 -6.61178593 0.61176471 0.61568627 0.94117647
v -7.18163502 7.03800085 -6.72203380 0.61176471 0.61568627 0.94117647
v -9.05459377 6.07090423 -9.17420442 0.61176471 0.61568627 0.94117647
v -7.18163502 0.16700609 -8.03566886 0.61176471 0.61568627 0.94117647
v -7.18163502 0.13905551 -7.91971426 0.61176471 0.61568627 0.94117647
v -7.18163502 0.12927240 -7.78637941 0.61176471 0.61568627 0.94117647
v -7.18163502 1.02858816 -9.17420442 0.61176471 0.61568627 0.94117647
v -7.44967400 6.99607497 -6.52462555 0.61176471 0.61568627 0.94117647
v -10.56641331 6.00591981 -7.06989808 0.61176471 0.61568627 0.94117647
v -10.56641331 6.06182098 -7.23047067 0.61176471 0.61568627 0.94117647
v -7.18163502 7.00306262 -6.80426569 0.61176471 0.61568627 0.94117647
v -8.88363256 6.04435137 -9.17420442 0.61176471 0.61568627 0.94117647
v -7.18163502 5.17089060 -9.17420442 0.61176471 0.61568627 0.94117647
v -7.18163502 6.89265701 -6.96691391 0.61176471 0.61568627 0.94117647
f 385 386 387
f 385 387 388
f 385 388 389
f 385 389 399
f 385 399 411
f 385 411 412
f 385 412 400
f 385 400 390
f 385 390 405
f 385 405 414
f 385 414 415
f 385 415 409
f 385 409 391
f 385 391 392
f 385 392 393
f 385 393 386
f 386 393 387
f 387 394 388
f 387 393 392
f 387 392 394
f 388 394 395
f 388 395 396
f 388 396 397
f 388 397 398
f 388 398 389
f 389 398 397
f 389 397 396
f 389 396 395
f 389 395 401
f 389 401 410
f 389 410 399
f 390 400 401
f 390 401 402
f 390 402 403
f 390 403 404
f 390 404 405
f 391 406 407
f 391 407 408
f 391 408 395
f 391 395 394
f 391 394 392
f 391 409 406
f 395 408 407
f 395 407 406
f 395 406 409
f 395 409 415
f 395 415 416
f 395 416 413
f 395 413 404
f 395 404 403
f 395 403 402
f 395 402 401
f 399 410 411
f 400 412 401
f 401 412 411
f 401 411 410
f 404 413 405
f 405 413 414
f 413 416 414
f 414 416 415

o geometry_13
v 11.71689197 -0.07086416 -11.97178182 0.67843137 0.35686275 0.43529412
v 11.71689197 0.01825878 -13.45034340 0.67843137 0.35686275 0.43529412
v 14.85185617 -0.07086416 -12.88965742 0.67843137 0.35686275 0.43529412
v 13.54457928 -0.08290784 -11.97178182 0.67843137 0.35686275 0.43529412
v 11.71689197 5.09463450 -11.97178182 0.67843137 0.35686275 0.43529412
v 14.75806656 0.10497238 -13.42463917 0.67843137 0.35686275 0.43529412
v 11.71689197 0.41208388 -13.77932985 0.67843137 0.35686275 0.43529412
v 14.76047166 0.44159093 -13.75308949 0.67843137 0.35686275 0.43529412
v 15.67287216 -0.06725103 -12.12172619 0.67843137 0.35686275 0.43529412
v 15.37755600 -0.04978766 -12.59744322 0.67843137 0.35686275 0.43529412
v 16.22502600 0.10798299 -12.00516158 0.67843137 0.35686275 0.43529412
v 16.56122373 0.40967529 -11.97749354 0.67843137 0.35686275 0.43529412
v 16.63000298 5.49869697 -11.97178182 0.67843137 0.35686275 0.43529412
v 11.71689197 5.81725037 -12.08138373 0.67843137 0.35686275 0.43529412
v 15.44441137 0.18385771 -12.89287020 0.67843137 0.35686275 0.43529412
v 11.71689197 5.58179794 -13.79521704 0.67843137 0.35686275 0.43529412
v 15.08560736 0.52710050 -13.51567724 0.67843137 0.35686275 0.43529412
v 14.88119450 5.58541107 -13.64794932 0.67843137 0.35686275 0.43529412
v 15.80513924 0.52710050 -12.79629911 0.67843137 0.35686275 0.43529412
v 15.80513924 5.49869697 -12.79629911 0.67843137 0.35686275 0.43529412
v 15.77579992 5.66550094 -12.74221200 0.67843137 0.35686275 0.43529412
v 16.23560680 5.81122816 -12.09691350 0.67843137 0.35686275 0.43529412
v 15.68585806 6.06293917 -12.10405390 0.67843137 0.35686275 0.43529412
v 11.71689197 6.06534825 -12.53300293 0.67843137 0.35686275 0.43529412
v 11.71689197 5.98766747 -13.38019139 0.67843137 0.35686275 0.43529412
v 14.71718399 5.95936446 -13.34841701 0.67843137 0.35686275 0.43529412
v 15.34773645 5.72090092 -13.12332176 0.67843137 0.35686275 0.43529412
v 15.70413536 5.95695537 -12.43339677 0.67843137 0.35686275 0.43529412
v 15.50645655 6.03162605 -12.49730194 0.67843137 0.35686275 0.43529412
v 14.91726789 6.06896138 -12.88965742 0.67843137 0.35686275 0.43529412
v 15.23230301 5.97562304 -12.87751915 0.67843137 0.35686275 0.43529412
v 15.36408888 5.88288772 -12.87841170 0.67843137 0.35686275 0.43529412
f 417 418 419
f 417 419 420
f 417 420 429
f 417 429 421
f 417 421 430
f 417 430 440
f 417 440 441
f 417 441 432
f 417 432 423
f 417 423 418
f 418 422 419
f 418 423 424
f 418 424 422
f 419 425 420
f 419 422 426
f 419 426 425
f 420 425 427
f 420 427 428
f 420 428 429
f 421 429 430
f 422 424 431
f 422 431 426
f 423 432 424
f 424 433 431
f 424 432 434
f 424 434 433
f 425 426 427
f 426 431 427
f 427 431 428
f 428 431 433
f 428 433 435
f 428 435 429
f 429 435 433
f 429 433 436
f 429 436 437
f 429 437 438
f 429 438 439
f 429 439 430
f 430 439 440
f 432 441 442
f 432 442 434
f 433 434 436
f 434 442 443
f 434 443 437
f 434 437 436
f 437 443 438
f 438 443 444
f 438 444 445
f 438 445 439
f 439 445 446
f 439 446 440
f 440 446 441
f 441 446 442
f 442 446 447
f 442 447 443
f 443 448 444
f 443 447 448
f 444 447 445
f 444 448 447
f 445 447 446

o geometry_14
v -10.56641331 -0.07197261 8.67041999 0.69411765 0.05882353 0.66666667
v -10.56641331 -0.06896574 8.47685650 0.69411765 0.05882353 0.66666667
v -7.18163502 -0.07137134 11.55536842 0.69411765 0.05882353 0.66666667
v -7.18163502 -0.06956702 13.31857650 0.69411765 0.05882353 0.66666667
v -10.56641331 -0.04310551 13.37010477 0.69411765 0.05882353 0.66666667
v -10.56641331 1.02859715 7.07302849 0.69411765 0.05882353 0.66666667
v -8.01523955 0.14032295 7.07302849 0.69411765 0.05882353 0.66666667
v -7.18163502 0.12829499 7.07302849 0.69411765 0.05882353 0.66666667
v -7.18163502 0.01523070 13.45994979 0.69411765 0.05882353 0.66666667
v -10.56641331 0.07236437 13.52336974 0.69411765 0.05882353 0.66666667
v -7.18163502 5.29074985 7.07302849 0.69411765 0.05882353 0.66666667
v -10.56641331 6.01724541 7.10407804 0.69411765 0.05882353 0.66666667
v -7.18163502 0.18663120 13.63765804 0.69411765 0.05882353 0.66666667
v -10.56641331 0.22812778 13.67861649 0.69411765 0.05882353 0.66666667
v -10.54984723 6.06114808 7.26394928 0.69411765 0.05882353 0.66666667
v -7.20217714 6.07137246 10.72958718 0.69411765 0.05882353 0.66666667
v -7.18163502 6.07197349 13.15011722 0.69411765 0.05882353 0.66666667
v -10.54984723 6.07137246 7.46015447 0.69411765 0.05882353 0.66666667
v -10.56641331 6.07197349 13.15011722 0.69411765 0.05882353 0.66666667
v -7.18163502 0.35322052 13.77969226 0.69411765 0.05882353 0.66666667
v -10.56641331 0.35322052 13.77969226 0.69411765 0.05882353 0.66666667
v -10.56641331 6.06415519 13.29809678 0.69411765 0.05882353 0.66666667
v -7.18163502 6.06114808 13.30668482 0.69411765 0.05882353 0.66666667
v -7.18163502 0.52642459 13.82197256 0.69411765 0.05882353 0.66666667
v -10.56641331 0.52642459 13.82197256 0.69411765 0.05882353 0.66666667
v -10.56641331 5.98897934 13.45334353 0.69411765 0.05882353 0.66666667
v -7.18163502 5.99318950 13.44937997 0.69411765 0.05882353 0.66666667
v -10.56641331 5.49883574 13.82197256 0.69411765 0.05882353 0.66666667
v -7.18163502 5.55175875 13.80809911 0.69411765 0.05882353 0.66666667
v -10.56641331 5.66602609 13.76780158 0.69411765 0.05882353 0.66666667
v -7.18163502 5.70271148 13.74732186 0.69411765 0.05882353 0.66666667
v -7.18163502 5.87471300 13.57621987 0.69411765 0.05882353 0.66666667
f 449 450 451
f 449 451 452
f 449 452 453
f 449 453 458
f 449 458 462
f 449 462 469
f 449 469 473
f 449 473 476
f 449 476 478
f 449 478 474
f 449 474 470
f 449 470 467
f 449 467 460
f 449 460 454
f 449 454 450
f 450 454 455
f 450 455 456
f 450 456 451
f 451 456 459
f 451 459 465
f 451 465 471
f 451 471 475
f 451 475 480
f 451 480 479
f 451 479 477
f 451 477 472
f 451 472 468
f 451 468 461
f 451 461 457
f 451 457 452
f 452 457 453
f 453 457 458
f 454 459 456
f 454 456 455
f 454 460 459
f 457 461 458
f 458 461 462
f 459 460 463
f 459 463 464
f 459 464 465
f 460 466 463
f 460 467 466
f 461 468 462
f 462 468 469
f 463 466 464
f 464 466 465
f 465 466 467
f 465 467 470
f 465 470 471
f 468 472 473
f 468 473 469
f 470 474 475
f 470 475 471
f 472 476 473
f 472 477 476
f 474 478 479
f 474 479 480
f 474 480 475
f 476 477 478
f 477 479 478

o geometry_15
v -10.56735778 6.07197349 8.96483462 0.67058824 0.20784314 0.12549020
v -10.56735778 -0.07181387 8.96483462 0.67058824 0.20784314 0.12549020
v -10.56735778 6.07137147 7.45808783 0.67058824 0.20784314 0.12549020
v -10.66591763 6.07197349 7.26246069 0.67058824 0.20784314 0.12549020
v -12.49755253 6.07197349 3.07520305 0.67058824 0.20784314 0.12549020
v -16.09593076 6.07137147 8.96424058 0.67058824 0.20784314 0.12549020
v -16.29182746 6.06956740 8.96424058 0.67058824 0.20784314 0.12549020
v -16.72892225 5.71347499 8.96483462 0.67058824 0.20784314 0.12549020
v -10.56735778 -0.06940778 8.48379323 0.67058824 0.20784314 0.12549020
v -13.54437561 -0.07301691 8.96483462 0.67058824 0.20784314 0.12549020
v -13.24318400 -0.06940778 2.89027877 0.67058824 0.20784314 0.12549020
v -10.56735778 6.06295115 7.26246069 0.67058824 0.20784314 0.12549020
v -12.56305510 6.07077044 2.90395480 0.67058824 0.20784314 0.12549020
v -16.22571188 6.07077044 2.89027877 0.67058824 0.20784314 0.12549020
v -16.45650288 5.98776232 2.89027877 0.67058824 0.20784314 0.12549020
v -16.45650288 5.98776232 8.96424058 0.67058824 0.20784314 0.12549020
v -16.73871633 5.71167092 2.89027877 0.67058824 0.20784314 0.12549020
v -16.80789194 5.55046785 2.89027877 0.67058824 0.20784314 0.12549020
v -16.82074904 5.49873790 8.96483462 0.67058824 0.20784314 0.12549020
v -10.56735778 1.02413090 2.89027877 0.67058824 0.20784314 0.12549020
v -16.16020931 -0.07181387 8.96483462 0.67058824 0.20784314 0.12549020
v -16.27162528 -0.07000930 2.89027877 0.67058824 0.20784314 0.12549020
v -10.56735778 5.17091656 2.89027877 0.67058824 0.20784314 0.12549020
v -16.81646401 0.50021867 2.89027877 0.67058824 0.20784314 0.12549020
v -16.82074904 0.52668517 8.96483462 0.67058824 0.20784314 0.12549020
v -16.66709171 0.21630798 8.96483462 0.67058824 0.20784314 0.12549020
v -16.32794577 -0.06880625 8.96424058 0.67058824 0.20784314 0.12549020
v -16.47425604 0.02683335 2.89027877 0.67058824 0.20784314 0.12549020
v -16.76932460 0.33721054 2.89027877 0.67058824 0.20784314 0.12549020
v -16.78218171 0.35525572 8.96483462 0.67058824 0.20784314 0.12549020
v -16.67260176 0.22172119 2.89027877 0.67058824 0.20784314 0.12549020
v -16.46690997 0.02021660 8.96424058 0.67058824 0.20784314 0.12549020
f 481 482 489
f 481 489 500
f 481 500 503
f 481 503 492
f 481 492 483
f 481 483 484
f 481 484 485
f 481 485 486
f 481 486 487
f 481 487 488
f 481 488 499
f 481 499 505
f 481 505 510
f 481 510 506
f 481 506 501
f 481 501 490
f 481 490 482
f 482 490 491
f 482 491 489
f 483 492 485
f 483 485 484
f 485 493 494
f 485 494 486
f 485 492 493
f 486 494 487
f 487 495 496
f 487 496 488
f 487 494 495
f 488 496 497
f 488 497 498
f 488 498 499
f 489 491 500
f 490 501 502
f 490 502 491
f 491 502 508
f 491 508 511
f 491 511 509
f 491 509 504
f 491 504 498
f 491 498 497
f 491 497 495
f 491 495 494
f 491 494 503
f 491 503 500
f 492 503 493
f 493 503 494
f 495 497 496
f 498 504 499
f 499 504 505
f 501 506 507
f 501 507 502
f 502 507 508
f 504 509 510
f 504 510 505
f 506 510 509
f 506 509 511
f 506 511 508
f 506 508 512
f 506 512 507
f 507 512 508

o geometry_16
v -9.04167277 6.88179965 -0.46174399 0.31372549 0.36078431 0.56862745
v -9.84313852 6.98317893 -0.66411966 0.31372549 0.36078431 0.56862745
v -10.56641331 5.17094651 -0.46174399 0.31372549 0.36078431 0.56862745
v -7.18163502 6.63010162 -0.48963742 0.31372549 0.36078431 0.56862745
v -7.18163502 7.04400609 -1.05047265 0.31372549 0.36078431 0.56862745
v -9.77024795 6.99436575 -1.42317607 0.31372549 0.36078431 0.56862745
v -10.56641331 5.17164537 -6.50036797 0.31372549 0.36078431 0.56862745
v -9.45946892 7.05099773 -2.45107740 0.31372549 0.36078431 0.56862745
v -10.56641331 0.12927739 -0.63978695 0.31372549 0.36078431 0.56862745
v -7.18163502 0.00133029 -0.64631534 0.31372549 0.36078431 0.56862745
v -7.45928239 7.05099773 -6.30392715 0.31372549 0.36078431 0.56862745
v -7.91749936 7.07197265 -5.56089446 0.31372549 0.36078431 0.56862745
v -9.09435317 7.07197265 -3.33773148 0.31372549 0.36078431 0.56862745
v -7.18163502 0.12927739 -6.52351336 0.31372549 0.36078431 0.56862745
v -10.56641331 1.02910083 -6.52351336 0.31372549 0.36078431 0.56862745
v -9.19474305 7.04120964 -3.43328123 0.31372549 0.36078431 0.56862745
v -8.90516856 7.05239546 -4.03031864 0.31372549 0.36078431 0.56862745
v -8.53408851 7.05099773 -4.77275755 0.31372549 0.36078431 0.56862745
v -8.05798011 7.04680255 -5.57157710 0.31372549 0.36078431 0.56862745
v -10.50909445 0.15444750 -2.21309334 0.31372549 0.36078431 0.56862745
v -8.72890496 -0.06928523 -1.47302807 0.31372549 0.36078431 0.56862745
v -8.78489898 0.00622433 -0.70032159 0.31372549 0.36078431 0.56862745
v -7.30488676 -0.06998434 -4.91756576 0.31372549 0.36078431 0.56862745
v -8.68947802 0.14046422 -6.21609287 0.31372549 0.36078431 0.56862745
v -9.21528468 0.14395954 -5.44754064 0.31372549 0.36078431 0.56862745
v -9.71127278 0.14885359 -4.55317134 0.31372549 0.36078431 0.56862745
v -10.04093812 0.14535826 -3.73298676 0.31372549 0.36078431 0.56862745
v -10.33879516 0.16563382 -3.02674978 0.31372549 0.36078431 0.56862745
v -8.59770215 -0.06858611 -2.11457616 0.31372549 0.36078431 0.56862745
v -7.78596509 -0.06788675 -4.22735275 0.31372549 0.36078431 0.56862745
v -8.17791823 -0.06578941 -3.50746569 0.31372549 0.36078431 0.56862745
v -8.43038501 -0.06718763 -2.79648068 0.31372549 0.36078431 0.56862745
f 513 514 515
f 513 515 516
f 513 516 517
f 513 517 514
f 514 518 519
f 514 519 515
f 514 517 520
f 514 520 518
f 515 519 527
f 515 527 521
f 515 521 522
f 515 522 516
f 516 522 526
f 516 526 517
f 517 523 524
f 517 524 525
f 517 525 520
f 517 526 523
f 518 520 519
f 519 523 526
f 519 526 527
f 519 520 528
f 519 528 529
f 519 529 530
f 519 530 531
f 519 531 523
f 520 525 528
f 521 532 533
f 521 533 534
f 521 534 522
f 521 527 532
f 522 534 533
f 522 533 535
f 522 535 526
f 523 531 524
f 524 531 530
f 524 530 525
f 525 530 529
f 525 529 528
f 526 535 536
f 526 536 527
f 527 536 537
f 527 537 538
f 527 538 539
f 527 539 540
f 527 540 532
f 532 540 539
f 532 539 541
f 532 541 533
f 533 541 535
f 535 541 542
f 535 542 536
f 536 542 537
f 537 542 543
f 537 543 538
f 538 543 539
f 539 543 544
f 539 544 541
f 541 544 542
f 542 544 543

o geometry_17
v 11.71593153 -0.07167884 -11.97178082 0.43529412 0.98823529 0.10196078
v 11.71593153 -0.07167884 -9.17446400 0.43529412 0.98823529 0.10196078
v 11.71593153 5.09490606 -11.97178082 0.43529412 0.98823529 0.10196078
v 13.47929136 -0.08182186 -11.97178082 0.43529412 0.98823529 0.10196078
v 13.35156190 -0.41337089 -11.80365700 0.43529412 0.98823529 0.10196078
v 12.88289042 -0.41337089 -11.66127235 0.43529412 0.98823529 0.10196078
v 12.50268419 -0.41337089 -11.34966765 0.43529412 0.98823529 0.10196078
v 12.27754301 -0.41337089 -10.99206270 0.43529412 0.98823529 0.10196078
v 12.19205891 -0.41337089 -10.60242081 0.43529412 0.98823529 0.10196078
v 16.40116180 -0.02096399 -9.17446400 0.43529412 0.98823529 0.10196078
v 15.80774201 6.06292818 -9.17446400 0.43529412 0.98823529 0.10196078
v 11.72139865 5.04989719 -9.49017502 0.43529412 0.98823529 0.10196078
v 12.25418396 -0.41337089 -10.09120445 0.43529412 0.98823529 0.10196078
v 12.54294178 -0.41337089 -9.61366637 0.43529412 0.98823529 0.10196078
v 13.08864909 -0.41337089 -9.26016875 0.43529412 0.98823529 0.10196078
v 13.73773244 -0.36582565 -9.21334583 0.43529412 0.98823529 0.10196078
v 15.70188102 6.06166025 -11.97178082 0.43529412 0.98823529 0.10196078
v 15.93248932 -0.04822320 -11.94385120 0.43529412 0.98823529 0.10196078
v 13.88136606 -0.41337089 -11.75437008 0.43529412 0.98823529 0.10196078
v 14.42061187 -0.41337089 -9.57451099 0.43529412 0.98823529 0.10196078
v 14.73421931 -0.41337089 -10.05834584 0.43529412 0.98823529 0.10196078
v 14.80330306 -0.41337089 -10.60871857 0.43529412 0.98823529 0.10196078
v 16.44986767 0.09694792 -11.71795225 0.43529412 0.98823529 0.10196078
v 16.75602022 0.38602322 -9.17446400 0.43529412 0.98823529 0.10196078
v 16.33506021 6.02932978 -9.17446400 0.43529412 0.98823529 0.10196078
v 16.37680838 6.00840977 -11.54599465 0.43529412 0.98823529 0.10196078
v 16.14620008 5.98241800 -11.92304102 0.43529412 0.98823529 0.10196078
v 16.71824859 0.41962213 -11.75683407 0.43529412 0.98823529 0.10196078
v 14.66861591 -0.41337089 -11.10898273 0.43529412 0.98823529 0.10196078
v 14.37439097 -0.41337089 -11.47206478 0.43529412 0.98823529 0.10196078
v 16.79329565 5.58430587 -9.17446400 0.43529412 0.98823529 0.10196078
v 16.62829176 5.68383415 -11.78558536 0.43529412 0.98823529 0.10196078
f 545 546 547
f 545 547 561
f 545 561 548
f 545 548 549
f 545 549 550
f 545 550 551
f 545 551 552
f 545 552 553
f 545 553 546
f 546 554 568
f 546 568 575
f 546 575 569
f 546 569 555
f 546 555 556
f 546 556 547
f 546 553 557
f 546 557 558
f 546 558 559
f 546 559 560
f 546 560 554
f 547 555 561
f 547 556 555
f 548 561 562
f 548 562 549
f 549 562 563
f 549 563 574
f 549 574 573
f 549 573 566
f 549 566 565
f 549 565 564
f 549 564 559
f 549 559 558
f 549 558 557
f 549 557 553
f 549 553 552
f 549 552 551
f 549 551 550
f 554 560 564
f 554 564 565
f 554 565 566
f 554 566 562
f 554 562 567
f 554 567 568
f 555 569 561
f 559 564 560
f 561 569 570
f 561 570 571
f 561 571 562
f 562 571 572
f 562 572 567
f 562 566 573
f 562 573 574
f 562 574 563
f 567 572 568
f 568 572 575
f 569 575 570
f 570 575 576
f 570 576 571
f 571 576 572
f 572 576 575

o geometry_18
v 13.54324844 -0.22230360 -9.17446400 0.20784314 0.16078431 0.65098039
v 10.10310012 -0.05301142 -9.17346263 0.20784314 0.16078431 0.65098039
v 10.06340662 6.07073350 -9.17446400 0.20784314 0.16078431 0.65098039
v 16.32778303 -0.06864901 -9.17446400 0.20784314 0.16078431 0.65098039
v 16.32778303 -0.06864901 1.05309190 0.20784314 0.16078431 0.65098039
v 13.54324844 -0.07068869 1.05309190 0.20784314 0.16078431 0.65098039
v 10.06340662 0.12919852 1.05309190 0.20784314 0.16078431 0.65098039
v 10.06340662 6.72206520 -0.06617273 0.20784314 0.16078431 0.65098039
v 16.21333200 6.07073350 -9.17446400 0.20784314 0.16078431 0.65098039
v 16.46671230 0.02041627 -9.17446400 0.20784314 0.16078431 0.65098039
v 16.48391235 0.03673376 1.05309190 0.20784314 0.16078431 0.65098039
v 10.06340662 5.24875009 1.05309190 0.20784314 0.16078431 0.65098039
v 10.06340662 6.72206520 0.06497543 0.20784314 0.16078431 0.65098039
v 16.29073523 6.06937371 1.05309190 0.20784314 0.16078431 0.65098039
v 16.44686455 5.98914707 -9.17446400 0.20784314 0.16078431 0.65098039
v 16.59439483 0.14415572 -9.17446400 0.20784314 0.16078431 0.65098039
v 16.69958392 0.24953799 1.05309190 0.20784314 0.16078431 0.65098039
v 12.83934118 6.06869382 1.05309190 0.20784314 0.16078431 0.65098039
v 10.06340662 6.67923279 0.34429108 0.20784314 0.16078431 0.65098039
v 10.06340662 6.70234823 0.19512246 0.20784314 0.16078431 0.65098039
v 16.16040699 6.07073350 1.05309190 0.20784314 0.16078431 0.65098039
v 16.45612749 5.98778728 1.05309190 0.20784314 0.16078431 0.65098039
v 16.77434045 5.65668227 -9.17446400 0.20784314 0.16078431 0.65098039
v 16.62151876 5.82869378 1.05309190 0.20784314 0.16078431 0.65098039
v 16.69958392 0.24953799 -9.17446400 0.20784314 0.16078431 0.65098039
v 16.78227955 0.35560066 1.05309190 0.20784314 0.16078431 0.65098039
v 16.82131213 5.49826866 -9.17446400 0.20784314 0.16078431 0.65098039
v 16.77037090 5.66348022 1.05309190 0.20784314 0.16078431 0.65098039
v 16.82131213 5.49826866 1.05309190 0.20784314 0.16078431 0.65098039
v 16.78227955 0.35560066 -9.17446400 0.20784314 0.16078431 0.65098039
v 16.82131213 0.52761216 1.05309190 0.20784314 0.16078431 0.65098039
v 16.82131213 0.52761216 -9.17446400 0.20784314 0.16078431 0.65098039
f 577 578 579
f 577 579 585
f 577 585 591
f 577 591 599
f 577 599 603
f 577 603 608
f 577 608 606
f 577 606 601
f 577 601 592
f 577 592 586
f 577 586 580
f 577 580 581
f 577 581 582
f 577 582 578
f 578 582 583
f 578 583 579
f 579 584 585
f 579 583 588
f 579 588 595
f 579 595 596
f 579 596 589
f 579 589 584
f 580 586 581
f 581 587 593
f 581 593 602
f 581 602 607
f 581 607 605
f 581 605 604
f 581 604 600
f 581 600 598
f 581 598 590
f 581 590 597
f 581 597 594
f 581 594 588
f 581 588 583
f 581 583 582
f 581 586 587
f 584 589 590
f 584 590 585
f 585 590 591
f 586 592 587
f 587 592 593
f 588 594 595
f 589 596 590
f 590 598 591
f 590 596 595
f 590 595 597
f 591 598 600
f 591 600 599
f 592 601 593
f 593 601 606
f 593 606 602
f 594 597 595
f 599 600 604
f 599 604 605
f 599 605 603
f 602 606 608
f 602 608 607
f 603 605 607
f 603 607 608

o geometry_19
v 2.15844239 6.07137246 14.32845761 0.25098039 0.46274510 0.24313725
v 1.08107293 5.87716602 14.73999093 0.25098039 0.46274510 0.24313725
v 3.02995257 6.01425327 14.31246160 0.25098039 0.46274510 0.24313725
v 5.41150569 6.06355616 11.65615666 0.25098039 0.46274510 0.24313725
v -7.17423854 6.03770217 10.61350879 0.25098039 0.46274510 0.24313725
v -7.18163452 5.78637654 13.58779506 0.25098039 0.46274510 0.24313725
v -3.31099443 5.83988859 14.41667826 0.25098039 0.46274510 0.24313725
v 0.35008891 5.81283155 14.86117303 0.25098039 0.46274510 0.24313725
v 1.14394004 5.49837449 15.02501082 0.25098039 0.46274510 0.24313725
v 2.31252827 5.68416262 14.76519698 0.25098039 0.46274510 0.24313725
v 3.73258466 5.64508112 14.49229540 0.25098039 0.46274510 0.24313725
v 5.04786305 5.81764174 13.90819946 0.25098039 0.46274510 0.24313725
v 5.41150569 -0.06986803 12.53399831 0.25098039 0.46274510 0.24313725
v 5.41150569 5.17128995 10.07352218 0.25098039 0.46274510 0.24313725
v -0.00122713 5.29875684 10.07352218 0.25098039 0.46274510 0.24313725
v -7.18163452 5.17189197 10.07352218 0.25098039 0.46274510 0.24313725
v -7.18163452 0.24819717 13.64644676 0.25098039 0.46274510 0.24313725
v -2.28539810 5.74188283 14.72108665 0.25098039 0.46274510 0.24313725
v -0.95656031 5.65590353 14.92806534 0.25098039 0.46274510 0.24313725
v -1.94887415 0.21212178 14.73611324 0.25098039 0.46274510 0.24313725
v 1.94888538 0.21212178 14.73611324 0.25098039 0.46274510 0.24313725
v 3.09158718 0.21031772 14.51556259 0.25098039 0.46274510 0.24313725
v 4.18251610 0.17484336 14.19273414 0.25098039 0.46274510 0.24313725
v 5.13415135 0.18386270 13.89753579 0.25098039 0.46274510 0.24313725
v 3.55754308 0.14959089 10.07352218 0.25098039 0.46274510 0.24313725
v 5.41150569 1.02862909 10.07352218 0.25098039 0.46274510 0.24313725
v 1.05518650 0.06601618 14.66873571 0.25098039 0.46274510 0.24313725
v -1.04901190 0.04677594 14.65225549 0.25098039 0.46274510 0.24313725
v -7.16807505 -0.06866548 11.49619657 0.25098039 0.46274510 0.24313725
v -7.18163452 1.02862909 10.07352218 0.25098039 0.46274510 0.24313725
v -2.66506571 0.15500259 14.55094710 0.25098039 0.46274510 0.24313725
v -3.54767062 0.14478120 10.07352218 0.25098039 0.46274510 0.24313725
f 609 610 611
f 609 611 612
f 609 612 613
f 609 613 614
f 609 614 615
f 609 615 616
f 609 616 610
f 610 617 618
f 610 618 611
f 610 616 617
f 611 618 619
f 611 619 620
f 611 620 612
f 612 620 621
f 612 621 634
f 612 634 622
f 612 622 613
f 613 623 624
f 613 624 614
f 613 622 623
f 614 624 638
f 614 638 625
f 614 625 626
f 614 626 615
f 615 626 616
f 616 626 627
f 616 627 617
f 617 627 628
f 617 628 629
f 617 629 630
f 617 630 619
f 617 619 618
f 619 631 632
f 619 632 620
f 619 630 631
f 620 632 621
f 621 633 634
f 621 632 631
f 621 631 635
f 621 635 636
f 621 636 637
f 621 637 633
f 622 634 633
f 622 633 640
f 622 640 638
f 622 638 624
f 622 624 623
f 625 638 637
f 625 637 636
f 625 636 639
f 625 639 628
f 625 628 626
f 626 628 627
f 628 636 635
f 628 635 629
f 628 639 636
f 629 635 630
f 630 635 631
f 633 637 640
f 637 638 640

o geometry_20
v 5.41150569 -0.07198858 0.05867591 0.15686275 0.10980392 0.65490196
v 7.43274301 -0.06989099 -4.70659605 0.15686275 0.10980392 0.65490196
v 5.44920444 -0.02724329 13.54400921 0.15686275 0.10980392 0.65490196
v 5.41150569 0.41181631 14.01622294 0.15686275 0.10980392 0.65490196
v 5.41150569 5.17086364 -9.17219369 0.15686275 0.10980392 0.65490196
v 5.59007754 0.14544412 -9.13132909 0.15686275 0.10980392 0.65490196
v 5.66468132 -0.06709453 -6.81566566 0.15686275 0.10980392 0.65490196
v 7.43849716 0.06714036 13.50087430 0.15686275 0.10980392 0.65490196
v 7.18452782 -0.06779365 -5.19470196 0.15686275 0.10980392 0.65490196
v 7.30317903 0.14893945 -7.83501239 0.15686275 0.10980392 0.65490196
v 7.43849716 1.02915724 -9.17219369 0.15686275 0.10980392 0.65490196
v 7.43849716 0.43978187 13.79827906 0.15686275 0.10980392 0.65490196
v 7.43849716 5.59593996 13.78692751 0.15686275 0.10980392 0.65490196
v 5.41150569 5.65886372 13.98898020 0.15686275 0.10980392 0.65490196
v 5.42341035 6.99841517 -8.19825318 0.15686275 0.10980392 0.65490196
v 7.43849716 5.17086364 -9.17219369 0.15686275 0.10980392 0.65490196
v 5.41150569 6.01053032 13.62800872 0.15686275 0.10980392 0.65490196
v 5.96071382 0.15523222 -8.93381701 0.15686275 0.10980392 0.65490196
v 6.79960576 0.15033817 -8.30041519 0.15686275 0.10980392 0.65490196
v 6.75397091 -0.06499719 -5.79631993 0.15686275 0.10980392 0.65490196
v 6.37738230 0.16012627 -8.65230542 0.15686275 0.10980392 0.65490196
v 7.43849716 6.03150424 13.36465962 0.15686275 0.10980392 0.65490196
v 5.84365003 7.04246160 -7.85771450 0.15686275 0.10980392 0.65490196
v 5.49146627 7.06483425 8.04771429 0.15686275 0.10980392 0.65490196
v 7.14643272 6.88305761 -7.01544905 0.15686275 0.10980392 0.65490196
v 7.27063940 7.00960200 -6.62723483 0.15686275 0.10980392 0.65490196
v 7.42718754 7.06832957 -6.17999353 0.15686275 0.10980392 0.65490196
v 7.33909218 7.06972830 6.29961566 0.15686275 0.10980392 0.65490196
v 6.93532074 7.07042716 6.80134293 0.15686275 0.10980392 0.65490196
v 6.41210438 7.06693184 7.32577232 0.15686275 0.10980392 0.65490196
v 6.44325527 7.05574502 -7.31058250 0.15686275 0.10980392 0.65490196
v 6.09325396 7.06763071 7.54598751 0.15686275 0.10980392 0.65490196
f 641 642 643
f 641 643 644
f 641 644 654
f 641 654 657
f 641 657 645
f 641 645 646
f 641 646 647
f 641 647 642
f 642 648 643
f 642 647 649
f 642 649 650
f 642 650 651
f 642 651 648
f 643 648 644
f 644 648 652
f 644 652 653
f 644 653 654
f 645 655 656
f 645 656 651
f 645 651 646
f 645 657 655
f 646 651 658
f 646 658 659
f 646 659 647
f 647 659 650
f 647 650 660
f 647 660 649
f 648 651 656
f 648 656 662
f 648 662 653
f 648 653 652
f 649 660 650
f 650 659 651
f 651 659 661
f 651 661 658
f 653 662 654
f 654 662 657
f 655 663 656
f 655 657 664
f 655 664 663
f 656 663 665
f 656 665 666
f 656 666 667
f 656 667 662
f 657 662 664
f 658 661 659
f 662 668 669
f 662 669 670
f 662 670 664
f 662 667 668
f 663 671 665
f 663 664 671
f 664 670 672
f 664 672 667
f 664 667 671
f 665 671 666
f 666 671 667
f 667 672 669
f 667 669 668
f 669 672 670

o geometry_21
v -10.56731185 5.49866602 13.82197256 0.13725490 0.19607843 0.36862745
v -10.56731185 5.71093112 13.72783452 0.13725490 0.19607843 0.36862745
v -13.47009531 5.57113028 13.79915065 0.13725490 0.19607843 0.36862745
v -13.47009531 0.52679250 13.82197256 0.13725490 0.19607843 0.36862745
v -10.56731185 0.42803496 13.79059355 0.13725490 0.19607843 0.36862745
v -13.47009531 5.76864634 13.68266791 0.13725490 0.19607843 0.36862745
v -10.56731185 5.93409751 13.51293370 0.13725490 0.19607843 0.36862745
v -13.47009531 0.29400674 13.73544216 0.13725490 0.19607843 0.36862745
v -10.56731185 0.01889575 13.44969945 0.13725490 0.19607843 0.36862745
v -13.47009531 5.94307593 13.50437561 0.13725490 0.19607843 0.36862745
v -10.56731185 6.06812574 13.22433862 0.13725490 0.19607843 0.36862745
v -13.47009531 0.01953720 13.46015945 0.13725490 0.19607843 0.36862745
v -10.56731185 -0.07152509 8.96483462 0.13725490 0.19607843 0.36862745
v -13.32431717 -0.47938164 11.80181000 0.13725490 0.19607843 0.36862745
v -13.00121716 -0.47938164 11.72050910 0.13725490 0.19607843 0.36862745
v -12.71818504 -0.47938164 11.55648062 0.13725490 0.19607843 0.36862745
v -12.48545119 -0.47938164 11.34205602 0.13725490 0.19607843 0.36862745
v -12.30358270 -0.47938164 11.04918189 0.13725490 0.19607843 0.36862745
v -12.19986123 -0.47938164 10.72064970 0.13725490 0.19607843 0.36862745
v -13.47009531 6.06491895 13.23051958 0.13725490 0.19607843 0.36862745
v -10.56731185 6.07197349 8.96483462 0.13725490 0.19607843 0.36862745
v -13.02025622 6.07197349 13.15064536 0.13725490 0.19607843 0.36862745
v -13.44139494 -0.07280775 8.96483462 0.13725490 0.19607843 0.36862745
v -13.32886378 -0.47938164 9.19780208 0.13725490 0.19607843 0.36862745
v -13.47009531 5.07157098 8.96483462 0.13725490 0.19607843 0.36862745
v -12.18167478 -0.47938164 10.45868036 0.13725490 0.19607843 0.36862745
v -12.22032198 -0.47938164 10.18672624 0.13725490 0.19607843 0.36862745
v -12.37149934 -0.47938164 9.82586458 0.13725490 0.19607843 0.36862745
v -12.61361095 -0.47938164 9.52728473 0.13725490 0.19607843 0.36862745
v -12.91852452 -0.47938164 9.31904009 0.13725490 0.19607843 0.36862745
v -11.45136142 6.03862667 8.96483462 0.13725490 0.19607843 0.36862745
v -11.15696177 6.07069057 8.96483462 0.13725490 0.19607843 0.36862745
f 673 674 675
f 673 675 676
f 673 676 677
f 673 677 681
f 673 681 685
f 673 685 693
f 673 693 683
f 673 683 679
f 673 679 674
f 674 678 675
f 674 679 678
f 675 678 682
f 675 682 692
f 675 692 697
f 675 697 684
f 675 684 680
f 675 680 676
f 676 680 677
f 677 680 681
f 678 679 682
f 679 683 682
f 680 684 681
f 681 684 686
f 681 686 687
f 681 687 688
f 681 688 689
f 681 689 690
f 681 690 691
f 681 691 685
f 682 683 692
f 683 693 694
f 683 694 692
f 684 695 696
f 684 696 686
f 684 697 695
f 685 691 698
f 685 698 699
f 685 699 700
f 685 700 701
f 685 701 702
f 685 702 696
f 685 696 695
f 685 695 697
f 685 697 703
f 685 703 704
f 685 704 693
f 686 696 702
f 686 702 701
f 686 701 700
f 686 700 699
f 686 699 698
f 686 698 691
f 686 691 690
f 686 690 689
f 686 689 688
f 686 688 687
f 692 703 697
f 692 694 704
f 692 704 703
f 693 704 694

o geometry_22
v -7.18179376 5.29023169 7.07236756 0.81960784 0.09411765 0.83529412
v -7.18179376 7.01776573 0.95755213 0.81960784 0.09411765 0.83529412
v -7.18560707 6.76059160 7.02466607 0.81960784 0.09411765 0.83529412
v -8.80493143 5.17072986 7.07236756 0.81960784 0.09411765 0.83529412
v -7.18179376 0.12929337 7.07236756 0.81960784 0.09411765 0.83529412
v -8.80493143 7.04502045 1.05424428 0.81960784 0.09411765 0.83529412
v -8.76631917 7.06738311 4.17804761 0.81960784 0.09411765 0.83529412
v -7.72474656 7.03453748 6.01391038 0.81960784 0.09411765 0.83529412
v -7.47861398 6.95626765 6.49801579 0.81960784 0.09411765 0.83529412
v -7.18179376 6.53346863 0.48698348 0.81960784 0.09411765 0.83529412
v -8.80493143 6.71796286 0.56627090 0.81960784 0.09411765 0.83529412
v -8.80493143 1.02939984 7.07236756 0.81960784 0.09411765 0.83529412
v -8.01457513 6.99400434 5.77282461 0.81960784 0.09411765 0.83529412
v -8.48030390 6.98002805 5.07341753 0.81960784 0.09411765 0.83529412
v -8.61361928 7.02545324 4.70921031 0.81960784 0.09411765 0.83529412
v -8.04444809 0.14327016 7.05431889 0.81960784 0.09411765 0.83529412
v -7.19386964 -0.06777967 5.15141580 0.81960784 0.09411765 0.83529412
v -7.18179376 0.10693070 0.51470169 0.81960784 0.09411765 0.83529412
v -8.18475462 7.04152612 5.38347723 0.81960784 0.09411765 0.83529412
v -8.80493143 0.19987618 0.50180939 0.81960784 0.09411765 0.83529412
v -8.77982622 -0.06009241 1.43263321 0.81960784 0.09411765 0.83529412
v -8.70291919 0.15235490 6.27497919 0.81960784 0.09411765 0.83529412
v -8.44328105 0.17262147 6.69011167 0.81960784 0.09411765 0.83529412
v -7.67151555 -0.06847854 4.43267064 0.81960784 0.09411765 0.83529412
v -7.39376285 -0.07197261 4.77624988 0.81960784 0.09411765 0.83529412
v -7.20213222 -0.07057513 0.78737390 0.81960784 0.09411765 0.83529412
v -8.77919026 -0.06288787 0.87890917 0.81960784 0.09411765 0.83529412
v -8.59741162 -0.06917740 2.11463556 0.81960784 0.09411765 0.83529412
v -8.49524063 -0.06708081 2.60196448 0.81960784 0.09411765 0.83529412
v -8.36446761 -0.06708081 2.99131186 0.81960784 0.09411765 0.83529412
v -8.17744549 -0.06568308 3.50829285 0.81960784 0.09411765 0.83529412
v -7.89985154 -0.06777967 4.02205083 0.81960784 0.09411765 0.83529412
f 705 706 707
f 705 707 708
f 705 708 716
f 705 716 709
f 705 709 722
f 705 722 714
f 705 714 706
f 706 710 711
f 706 711 712
f 706 712 713
f 706 713 707
f 706 714 715
f 706 715 710
f 707 713 708
f 708 713 717
f 708 717 718
f 708 718 719
f 708 719 711
f 708 711 710
f 708 710 715
f 708 715 724
f 708 724 716
f 709 720 721
f 709 721 722
f 709 716 720
f 711 719 723
f 711 723 712
f 712 723 717
f 712 717 713
f 714 724 715
f 714 722 724
f 716 724 725
f 716 725 726
f 716 726 727
f 716 727 720
f 717 723 718
f 718 723 719
f 720 727 726
f 720 726 721
f 721 728 729
f 721 729 730
f 721 730 722
f 721 726 728
f 722 730 731
f 722 731 724
f 724 731 725
f 725 731 732
f 725 732 726
f 726 732 733
f 726 733 734
f 726 734 735
f 726 735 736
f 726 736 728
f 728 736 729
f 729 736 734
f 729 734 732
f 729 732 730
f 730 732 731
f 732 734 733
f 734 736 735

o geometry_23
v -13.47074924 0.41072010 13.77879572 0.09411765 0.97254902 0.46666667
v -13.47074924 0.01953720 13.46025230 0.09411765 0.97254902 0.46666667
v -13.47074924 5.66988881 13.74062674 0.09411765 0.97254902 0.46666667
v -14.74796598 0.43444754 13.74251167 0.09411765 0.97254902 0.46666667
v -14.67047988 0.07340518 13.43339294 0.09411765 0.97254902 0.46666667
v -13.74357794 -0.47938164 11.78318825 0.09411765 0.97254902 0.46666667
v -13.62930262 -0.47938164 9.19431674 0.09411765 0.97254902 0.46666667
v -13.57265267 -0.07280775 8.96530485 0.09411765 0.97254902 0.46666667
v -13.47074924 5.07157098 8.96530485 0.09411765 0.97254902 0.46666667
v -13.47074924 6.00399694 13.36742213 0.09411765 0.97254902 0.46666667
v -14.66266657 5.98604111 13.34904499 0.09411765 0.97254902 0.46666667
v -14.76261717 5.63141133 13.69868788 0.09411765 0.97254902 0.46666667
v -16.61023510 0.33184226 11.82135624 0.09411765 0.97254902 0.46666667
v -16.11373882 0.01312412 11.97544487 0.09411765 0.97254902 0.46666667
v -15.00744636 -0.04779789 12.97866780 0.09411765 0.97254902 0.46666667
v -14.38658117 -0.47938164 11.45474891 0.09411765 0.97254902 0.46666667
v -14.16291359 -0.47938164 9.37055239 0.09411765 0.97254902 0.46666667
v -16.47837834 0.04326465 9.01384099 0.09411765 0.97254902 0.46666667
v -16.78734532 0.41777463 8.99781902 0.09411765 0.97254902 0.46666667
v -16.79646251 5.58075064 8.96530485 0.09411765 0.97254902 0.46666667
v -15.59770729 6.03862667 8.96530485 0.09411765 0.97254902 0.46666667
v -14.06784706 6.07197349 13.15066233 0.09411765 0.97254902 0.46666667
v -15.01656255 6.05016991 12.88960750 0.09411765 0.97254902 0.46666667
v -15.05367725 5.79109088 13.31888700 0.09411765 0.97254902 0.46666667
v -16.76390541 5.61602034 11.63192703 0.09411765 0.97254902 0.46666667
v -16.42889175 0.01120025 11.55370513 0.09411765 0.97254902 0.46666667
v -14.75382645 -0.47938164 10.87797807 0.09411765 0.97254902 0.46666667
v -14.59885426 -0.47938164 9.79511954 0.09411765 0.97254902 0.46666667
v -14.80461493 -0.47938164 10.34691596 0.09411765 0.97254902 0.46666667
v -16.38266087 5.99950823 11.52307589 0.09411765 0.97254902 0.46666667
v -16.32959209 6.02451859 9.00583000 0.09411765 0.97254902 0.46666667
v -16.17820208 5.95269430 11.92832243 0.09411765 0.97254902 0.46666667
f 737 738 745
f 737 745 746
f 737 746 739
f 737 739 740
f 737 740 738
f 738 740 741
f 738 741 742
f 738 742 743
f 738 743 744
f 738 744 745
f 739 746 747
f 739 747 748
f 739 748 740
f 740 748 749
f 740 749 750
f 740 750 741
f 741 750 751
f 741 751 742
f 742 752 763
f 742 763 765
f 742 765 764
f 742 764 753
f 742 753 743
f 742 751 752
f 743 753 754
f 743 754 744
f 744 754 755
f 744 755 756
f 744 756 757
f 744 757 745
f 745 757 746
f 746 757 758
f 746 758 747
f 747 758 759
f 747 759 760
f 747 760 748
f 748 761 749
f 748 760 761
f 749 762 750
f 749 761 755
f 749 755 762
f 750 762 752
f 750 752 751
f 752 762 763
f 753 764 754
f 754 764 765
f 754 765 762
f 754 762 755
f 755 761 756
f 756 761 766
f 756 766 767
f 756 767 757
f 757 767 758
f 758 767 759
f 759 767 766
f 759 766 768
f 759 768 760
f 760 768 761
f 761 768 766
f 762 765 763

o geometry_24
v -8.83457527 -0.06213759 0.88144779 0.97647059 0.60392157 0.73725490
v -8.80509117 -0.05167758 1.37474539 0.97647059 0.60392157 0.73725490
v -9.99671198 0.14008982 3.82722289 0.97647059 0.60392157 0.73725490
v -10.55329663 0.14915510 1.92629471 0.97647059 0.60392157 0.73725490
v -10.56657305 0.13032669 0.90061939 0.97647059 0.60392157 0.73725490
v -10.56657305 0.12893195 -0.46055717 0.97647059 0.60392157 0.73725490
v -8.87026727 0.10103878 -0.46055717 0.97647059 0.60392157 0.73725490
v -8.80509117 0.20006038 0.50170456 0.97647059 0.60392157 0.73725490
v -8.80509117 1.02919168 7.07236806 0.97647059 0.60392157 0.73725490
v -8.84905973 0.15961510 6.10052066 0.97647059 0.60392157 0.73725490
v -9.16114664 0.14008982 5.52758758 0.97647059 0.60392157 0.73725490
v -9.78066503 0.15473403 4.44808459 0.97647059 0.60392157 0.73725490
v -10.56657305 1.02919168 7.07236806 0.97647059 0.60392157 0.73725490
v -10.27483208 0.16449617 3.22258308 0.97647059 0.60392157 0.73725490
v -10.46501507 0.15403616 2.45424825 0.97647059 0.60392157 0.73725490
v -10.56657305 5.17136183 -0.46055717 0.97647059 0.60392157 0.73725490
v -8.83905898 6.60508227 -0.46055717 0.97647059 0.60392157 0.73725490
v -8.80509117 6.72572125 0.56659288 0.97647059 0.60392157 0.73725490
v -8.80509117 5.17136183 7.07236806 0.97647059 0.60392157 0.73725490
v -9.46409540 0.15333930 5.07115820 0.97647059 0.60392157 0.73725490
v -10.56122774 6.00258523 7.07236806 0.97647059 0.60392157 0.73725490
v -9.91860390 6.95932868 -0.11030852 0.97647059 0.60392157 0.73725490
v -9.16114664 6.99907710 -0.46055717 0.97647059 0.60392157 0.73725490
v -8.80871229 7.04370658 1.05325413 0.97647059 0.60392157 0.73725490
v -8.80509117 6.96072342 4.60219419 0.97647059 0.60392157 0.73725490
v -8.84940417 7.05416659 4.13617889 0.97647059 0.60392157 0.73725490
v -9.08062448 7.06044239 3.58168011 0.97647059 0.60392157 0.73725490
v -9.23839213 7.05834979 3.17391691 0.97647059 0.60392157 0.73725490
v -9.39184979 7.05625819 2.69979103 0.97647059 0.60392157 0.73725490
v -9.50030357 7.06183712 2.22566516 0.97647059 0.60392157 0.73725490
v -9.65565814 7.05625819 1.53844054 0.97647059 0.60392157 0.73725490
v -9.81532271 7.02836451 0.72438899 0.97647059 0.60392157 0.73725490
f 769 770 771
f 769 771 772
f 769 772 773
f 769 773 774
f 769 774 775
f 769 775 770
f 770 775 776
f 770 776 786
f 770 786 793
f 770 793 787
f 770 787 777
f 770 777 778
f 770 778 779
f 770 779 771
f 771 780 781
f 771 781 782
f 771 782 783
f 771 783 772
f 771 779 780
f 772 783 781
f 772 781 773
f 773 781 784
f 773 784 774
f 774 784 791
f 774 791 785
f 774 785 775
f 775 785 776
f 776 785 786
f 777 787 789
f 777 789 781
f 777 781 778
f 778 781 779
f 779 781 788
f 779 788 780
f 780 788 781
f 781 789 784
f 781 783 782
f 784 790 791
f 784 789 790
f 785 791 792
f 785 792 786
f 786 792 793
f 787 793 789
f 789 793 794
f 789 794 795
f 789 795 796
f 789 796 797
f 789 797 798
f 789 798 799
f 789 799 800
f 789 800 790
f 790 800 791
f 791 800 799
f 791 799 792
f 792 799 798
f 792 798 795
f 792 795 794
f 792 794 793
f 795 798 796
f 796 798 797

o geometry_25
v 7.43875425 -0.07197261 1.75722979 0.03529412 0.28235294 0.11764706
v 8.68396798 -0.06917540 1.58709074 0.03529412 0.28235294 0.11764706
v 10.06248811 0.12872329 1.75722979 0.03529412 0.28235294 0.11764706
v 7.43875425 7.07197265 1.75722979 0.03529412 0.28235294 0.11764706
v 7.43875425 -0.06987477 -4.70590967 0.03529412 0.28235294 0.11764706
v 9.99545003 -0.05099370 -9.17339374 0.03529412 0.28235294 0.11764706
v 8.90306199 -0.06567883 0.58872841 0.03529412 0.28235294 0.11764706
v 10.06248811 5.19857562 1.75722979 0.03529412 0.28235294 0.11764706
v 10.06248811 6.07058974 -9.17446400 0.03529412 0.28235294 0.11764706
v 8.52240849 7.06917520 -4.66845752 0.03529412 0.28235294 0.11764706
v 7.72103359 7.06358129 -5.95359489 0.03529412 0.28235294 0.11764706
v 7.46032919 7.05169261 -6.28638266 0.03529412 0.28235294 0.11764706
v 7.43875425 6.88805948 -6.69942404 0.03529412 0.28235294 0.11764706
v 9.58757077 7.05588879 1.63096295 0.03529412 0.28235294 0.11764706
v 9.13037564 7.06498002 -3.38653019 0.03529412 0.28235294 0.11764706
v 7.43875425 0.14690525 -7.70206641 0.03529412 0.28235294 0.11764706
v 7.43875425 1.02940883 -9.17446400 0.03529412 0.28235294 0.11764706
v 9.90812093 6.83211638 1.49185548 0.03529412 0.28235294 0.11764706
v 10.04065558 6.75379564 0.45925154 0.03529412 0.28235294 0.11764706
v 8.93362732 6.04261819 -9.17446400 0.03529412 0.28235294 0.11764706
v 8.04800481 7.06567888 -5.49561103 0.03529412 0.28235294 0.11764706
v 8.34261312 7.06288242 -5.06972852 0.03529412 0.28235294 0.11764706
v 8.86556192 7.06428015 -4.03926436 0.03529412 0.28235294 0.11764706
v 9.39133662 7.05588879 -2.69955417 0.03529412 0.28235294 0.11764706
v 9.52258736 7.05728751 -2.17736664 0.03529412 0.28235294 0.11764706
v 9.65537959 7.05588879 -1.53854337 0.03529412 0.28235294 0.11764706
v 9.88962698 6.95449154 -0.96606331 0.03529412 0.28235294 0.11764706
v 9.97079210 6.87547193 0.10720306 0.03529412 0.28235294 0.11764706
v 7.43875425 5.17130293 -9.17446400 0.03529412 0.28235294 0.11764706
v 9.78175026 7.04749742 0.57160723 0.03529412 0.28235294 0.11764706
v 9.94562100 6.85798934 0.92151569 0.03529412 0.28235294 0.11764706
v 9.88782990 6.97127527 -0.39358324 0.03529412 0.28235294 0.11764706
f 801 802 803
f 801 803 808
f 801 808 804
f 801 804 813
f 801 813 829
f 801 829 817
f 801 817 816
f 801 816 805
f 801 805 802
f 802 805 806
f 802 806 807
f 802 807 803
f 803 807 806
f 803 806 809
f 803 809 808
f 804 810 811
f 804 811 812
f 804 812 813
f 804 808 814
f 804 814 815
f 804 815 810
f 805 816 806
f 806 816 817
f 806 817 809
f 808 818 814
f 808 809 819
f 808 819 818
f 809 820 812
f 809 812 811
f 809 811 821
f 809 821 822
f 809 822 823
f 809 823 815
f 809 815 824
f 809 824 825
f 809 825 826
f 809 826 827
f 809 827 828
f 809 828 819
f 809 817 829
f 809 829 820
f 810 821 811
f 810 815 823
f 810 823 822
f 810 822 821
f 812 820 813
f 813 820 829
f 814 818 830
f 814 830 826
f 814 826 815
f 815 826 825
f 815 825 824
f 818 831 830
f 818 819 831
f 819 828 831
f 826 830 832
f 826 832 827
f 827 832 828
f 828 830 831
f 828 832 830

o geometry_26
v 16.82131213 5.49883574 8.33905141 0.29411765 0.11764706 0.31764706
v 16.77037090 5.66362000 8.33905141 0.29411765 0.11764706 0.31764706
v 16.82131213 0.52642459 8.33905141 0.29411765 0.11764706 0.31764706
v 16.82131213 5.49883574 1.05380499 0.29411765 0.11764706 0.31764706
v 16.60696441 5.84343982 8.33905141 0.29411765 0.11764706 0.31764706
v 16.77037090 5.66362000 1.05380499 0.29411765 0.11764706 0.31764706
v 16.74126220 0.30210058 8.33905141 0.29411765 0.11764706 0.31764706
v 16.82131213 0.52642459 1.05380499 0.29411765 0.11764706 0.31764706
v 16.45281887 5.99078441 8.33905141 0.29411765 0.11764706 0.31764706
v 16.58579481 5.86509064 1.05380499 0.29411765 0.11764706 0.31764706
v 16.46406560 5.98176306 1.05380499 0.29411765 0.11764706 0.31764706
v 16.46869707 0.02244797 8.33905141 0.29411765 0.11764706 0.31764706
v 16.45811227 0.01282561 1.05380499 0.29411765 0.11764706 0.31764706
v 16.73861650 0.30270211 1.05380499 0.29411765 0.11764706 0.31764706
v 16.21862440 6.07077044 8.33905141 0.29411765 0.11764706 0.31764706
v 16.22590157 6.07077044 1.05380499 0.29411765 0.11764706 0.31764706
v 16.32778303 -0.06836422 8.33905141 0.29411765 0.11764706 0.31764706
v 16.31918301 -0.06956702 1.05380499 0.29411765 0.11764706 0.31764706
v 10.06340662 6.07197349 8.33905141 0.29411765 0.11764706 0.31764706
v 12.83934118 6.06956840 1.05380499 0.29411765 0.11764706 0.31764706
v 16.16040699 -0.07197261 8.33905141 0.29411765 0.11764706 0.31764706
v 16.16040699 -0.07197261 1.05380499 0.29411765 0.11764706 0.31764706
v 10.06340662 6.07077044 8.06019351 0.29411765 0.11764706 0.31764706
v 10.06340662 1.02859715 8.33905141 0.29411765 0.11764706 0.31764706
v 10.06340662 5.24865125 1.05380499 0.29411765 0.11764706 0.31764706
v 10.60853687 -0.03769231 8.33905141 0.29411765 0.11764706 0.31764706
v 10.79708351 -0.07197261 8.32407475 0.29411765 0.11764706 0.31764706
v 13.54324844 -0.07197261 1.05380499 0.29411765 0.11764706 0.31764706
v 10.06340662 0.15956818 3.79602458 0.29411765 0.11764706 0.31764706
v 10.06340662 0.12829499 1.05380499 0.29411765 0.11764706 0.31764706
v 10.06340662 0.13130210 3.40305634 0.29411765 0.11764706 0.31764706
v 10.06340662 0.12829499 3.20621543 0.29411765 0.11764706 0.31764706
f 833 834 837
f 833 837 841
f 833 841 847
f 833 847 851
f 833 851 856
f 833 856 858
f 833 858 853
f 833 853 849
f 833 849 844
f 833 844 839
f 833 839 835
f 833 835 840
f 833 840 836
f 833 836 838
f 833 838 834
f 834 838 837
f 835 839 840
f 836 840 846
f 836 846 845
f 836 845 850
f 836 850 854
f 836 854 860
f 836 860 862
f 836 862 857
f 836 857 852
f 836 852 848
f 836 848 843
f 836 843 842
f 836 842 838
f 837 838 842
f 837 842 843
f 837 843 841
f 839 844 845
f 839 845 846
f 839 846 840
f 841 843 848
f 841 848 847
f 844 849 845
f 845 849 850
f 847 848 851
f 848 852 851
f 849 853 850
f 850 853 854
f 851 852 855
f 851 855 857
f 851 857 862
f 851 862 864
f 851 864 863
f 851 863 861
f 851 861 856
f 852 857 855
f 853 858 859
f 853 859 860
f 853 860 854
f 856 861 858
f 858 861 863
f 858 863 864
f 858 864 862
f 858 862 859
f 859 862 860

o geometry_27
v -7.05848113 7.06777647 -5.17101495 0.41176471 0.06274510 0.69019608
v -6.67753410 6.93421249 -5.17101495 0.41176471 0.06274510 0.69019608
v -5.97188816 7.07057393 -7.05360804 0.41176471 0.06274510 0.69019608
v -6.47764639 7.07197265 -7.13198370 0.41176471 0.06274510 0.69019608
v -7.16908242 7.06987506 -6.51242138 0.41176471 0.06274510 0.69019608
v -7.07813819 -0.06987477 -5.22979694 0.41176471 0.06274510 0.69019608
v -6.63881152 -0.05309179 -5.17101495 0.41176471 0.06274510 0.69019608
v -5.97188816 6.98246309 -6.80241270 0.41176471 0.06274510 0.69019608
v -6.48143573 6.60484666 -5.17101495 0.41176471 0.06274510 0.69019608
v -6.01653112 6.94749890 -7.91652844 0.41176471 0.06274510 0.69019608
v -6.21464273 7.02511978 -7.60537551 0.41176471 0.06274510 0.69019608
v -6.49529072 7.05868624 -7.28599296 0.41176471 0.06274510 0.69019608
v -5.97188816 5.17130293 -9.17446400 0.41176471 0.06274510 0.69019608
v -6.73922936 7.07057393 -7.00109587 0.41176471 0.06274510 0.69019608
v -6.74953162 7.04260238 -7.14256451 0.41176471 0.06274510 0.69019608
v -7.15238555 6.99505064 -6.83768189 0.41176471 0.06274510 0.69019608
v -7.18163452 5.17130293 -9.17446400 0.41176471 0.06274510 0.69019608
v -7.18163452 1.02940883 -9.17446400 0.41176471 0.06274510 0.69019608
v -6.95593225 0.14480716 -8.14577845 0.41176471 0.06274510 0.69019608
v -6.84189654 -0.06567883 -5.68790509 0.41176471 0.06274510 0.69019608
v -6.80459515 -0.07197261 -5.43122365 0.41176471 0.06274510 0.69019608
v -5.97188816 0.09026279 -6.61156679 0.41176471 0.06274510 0.69019608
v -6.47089685 0.20005140 -5.17101495 0.41176471 0.06274510 0.69019608
v -5.97188816 6.70624390 -6.58295977 0.41176471 0.06274510 0.69019608
v -5.97188816 4.00488716 -6.55278480 0.41176471 0.06274510 0.69019608
v -6.62697026 6.88246557 -7.51014824 0.41176471 0.06274510 0.69019608
v -6.80767415 6.94190499 -7.26522321 0.41176471 0.06274510 0.69019608
v -6.00326867 1.02031810 -9.17446400 0.41176471 0.06274510 0.69019608
v -6.99879910 6.94680004 -7.07124239 0.41176471 0.06274510 0.69019608
v -6.03678072 0.16788366 -8.89113437 0.41176471 0.06274510 0.69019608
v -6.37746567 0.16019166 -8.65443896 0.41176471 0.06274510 0.69019608
v -6.70465154 0.15040157 -8.37698777 0.41176471 0.06274510 0.69019608
f 865 866 867
f 865 867 868
f 865 868 869
f 865 869 870
f 865 870 871
f 865 871 887
f 865 887 873
f 865 873 866
f 866 872 867
f 866 873 872
f 867 874 875
f 867 875 876
f 867 876 868
f 867 872 888
f 867 888 889
f 867 889 886
f 867 886 877
f 867 877 874
f 868 878 869
f 868 876 878
f 869 878 879
f 869 879 880
f 869 880 881
f 869 881 882
f 869 882 870
f 870 882 883
f 870 883 884
f 870 884 885
f 870 885 871
f 871 885 886
f 871 886 887
f 872 873 888
f 873 887 889
f 873 889 888
f 874 890 891
f 874 891 879
f 874 879 875
f 874 877 881
f 874 881 890
f 875 879 876
f 876 879 878
f 877 886 892
f 877 892 882
f 877 882 881
f 879 891 880
f 880 891 893
f 880 893 881
f 881 893 891
f 881 891 890
f 882 892 894
f 882 894 895
f 882 895 896
f 882 896 883
f 883 896 884
f 884 894 885
f 884 896 895
f 884 895 894
f 885 894 886
f 886 894 892
f 886 889 887

o geometry_28
v 10.03654626 -0.07197261 9.22616000 0.56470588 0.26274510 0.52156863
v 7.46032919 -0.07076981 11.37691638 0.56470588 0.26274510 0.52156863
v 10.05015914 -0.06655990 9.05315511 0.56470588 0.26274510 0.52156863
v 10.06248811 -0.04310551 13.36998796 0.56470588 0.26274510 0.52156863
v 7.43875425 0.12829499 7.30012050 0.56470588 0.26274510 0.52156863
v 7.43875425 -0.02686740 13.38913985 0.56470588 0.26274510 0.52156863
v 7.65553601 0.12829499 7.30012050 0.56470588 0.26274510 0.52156863
v 7.85151358 0.14994581 7.30012050 0.56470588 0.26274510 0.52156863
v 10.06248811 1.02859715 7.30012050 0.56470588 0.26274510 0.52156863
v 10.06248811 0.06093743 13.51171169 0.56470588 0.26274510 0.52156863
v 7.43875425 5.17167133 7.30012050 0.56470588 0.26274510 0.52156863
v 7.43875425 0.13551176 13.58704229 0.56470588 0.26274510 0.52156863
v 10.05503921 5.17167133 7.30012050 0.56470588 0.26274510 0.52156863
v 10.06248811 6.01303625 7.79679249 0.56470588 0.26274510 0.52156863
v 10.06248811 0.23113489 13.68216273 0.56470588 0.26274510 0.52156863
v 7.43875425 6.07137246 10.56551477 0.56470588 0.26274510 0.52156863
v 7.43875425 0.27684163 13.72685112 0.56470588 0.26274510 0.52156863
v 10.06248811 6.07077044 8.06172652 0.56470588 0.26274510 0.52156863
v 10.06248811 0.45064772 13.80345865 0.56470588 0.26274510 0.52156863
v 7.43875425 6.07137246 13.20528159 0.56470588 0.26274510 0.52156863
v 7.65553601 6.07197349 10.40336224 0.56470588 0.26274510 0.52156863
v 7.78653017 6.07197349 10.27249089 0.56470588 0.26274510 0.52156863
v 7.43875425 0.47289956 13.81239612 0.56470588 0.26274510 0.52156863
v 10.06248811 6.07137246 13.20336670 0.56470588 0.26274510 0.52156863
v 10.06248811 5.49883574 13.82133360 0.56470588 0.26274510 0.52156863
v 7.43875425 5.99739966 13.44276471 0.56470588 0.26274510 0.52156863
v 10.06248811 6.03107794 13.38658600 0.56470588 0.26274510 0.52156863
v 7.43875425 5.49883574 13.82133360 0.56470588 0.26274510 0.52156863
v 10.06248811 5.73398466 13.71025309 0.56470588 0.26274510 0.52156863
v 7.43875425 5.66602609 13.76834670 0.56470588 0.26274510 0.52156863
v 7.43875425 5.87772012 13.57299811 0.56470588 0.26274510 0.52156863
v 10.06248811 5.93184617 13.51873428 0.56470588 0.26274510 0.52156863
f 897 898 899
f 897 899 900
f 897 900 898
f 898 901 899
f 898 900 902
f 898 902 901
f 899 901 903
f 899 903 904
f 899 904 905
f 899 905 900
f 900 906 902
f 900 905 910
f 900 910 914
f 900 914 920
f 900 920 923
f 900 923 928
f 900 928 925
f 900 925 921
f 900 921 915
f 900 915 911
f 900 911 906
f 901 907 909
f 901 909 905
f 901 905 904
f 901 904 903
f 901 902 908
f 901 908 913
f 901 913 919
f 901 919 924
f 901 924 926
f 901 926 927
f 901 927 922
f 901 922 916
f 901 916 912
f 901 912 907
f 902 906 908
f 905 909 910
f 906 911 908
f 907 910 909
f 907 912 910
f 908 911 913
f 910 912 914
f 911 915 913
f 912 916 917
f 912 917 918
f 912 918 914
f 913 915 919
f 914 918 920
f 915 921 919
f 916 920 917
f 916 922 923
f 916 923 920
f 917 920 918
f 919 921 924
f 921 925 926
f 921 926 924
f 922 927 928
f 922 928 923
f 925 927 926
f 925 928 927

o geometry_29
v 13.43274100 5.58844514 13.79239063 0.09019608 0.57254902 0.92549020
v 10.06274469 5.59870547 13.78918684 0.09019608 0.57254902 0.92549020
v 13.43274100 0.41456784 13.78011158 0.09019608 0.57254902 0.92549020
v 13.43274100 5.91421781 13.53080067 0.09019608 0.57254902 0.92549020
v 10.06274469 0.37609136 13.76996806 0.09019608 0.57254902 0.92549020
v 10.06274469 5.91550073 13.52706374 0.09019608 0.57254902 0.92549020
v 13.43274100 0.00542863 13.44591759 0.09019608 0.57254902 0.92549020
v 13.43274100 6.07004961 13.21155539 0.09019608 0.57254902 0.92549020
v 10.06274469 -0.02663527 13.38932854 0.09019608 0.57254902 0.92549020
v 10.06274469 6.07133153 13.20354740 0.09019608 0.57254902 0.92549020
v 13.22722892 -0.47938164 11.78135423 0.09019608 0.57254902 0.92549020
v 13.31959385 -0.47938164 9.19802572 0.09019608 0.57254902 0.92549020
v 13.43274100 -0.07152509 8.33905091 0.09019608 0.57254902 0.92549020
v 13.43274100 5.03950608 8.41165544 0.09019608 0.57254902 0.92549020
v 12.53383358 5.84495935 8.33905091 0.09019608 0.57254902 0.92549020
v 12.28411832 5.97962853 8.33905091 0.09019608 0.57254902 0.92549020
v 11.97667587 6.06043024 8.33905091 0.09019608 0.57254902 0.92549020
v 10.06274469 6.07197349 8.33905091 0.09019608 0.57254902 0.92549020
v 13.02006853 6.07197349 13.15069528 0.09019608 0.57254902 0.92549020
v 10.06571387 -0.03817852 9.04694420 0.09019608 0.57254902 0.92549020
v 12.18218695 -0.47938164 10.48995654 0.09019608 0.57254902 0.92549020
v 12.21418495 -0.47938164 10.77930740 0.09019608 0.57254902 0.92549020
v 12.36328869 -0.47938164 11.15834452 0.09019608 0.57254902 0.92549020
v 12.70536786 -0.47938164 11.54325511 0.09019608 0.57254902 0.92549020
v 10.06274469 1.02827667 8.33905091 0.09019608 0.57254902 0.92549020
v 12.92737314 -0.47938164 9.31333835 0.09019608 0.57254902 0.92549020
v 10.79605518 -0.07152509 8.33905091 0.09019608 0.57254902 0.92549020
v 10.27716330 -0.05998209 8.70634362 0.09019608 0.57254902 0.92549020
v 12.25376964 -0.47938164 10.09116651 0.09019608 0.57254902 0.92549020
v 10.52423884 -0.04395014 8.41966343 0.09019608 0.57254902 0.92549020
v 12.69151337 -0.47938164 9.45961468 0.09019608 0.57254902 0.92549020
v 12.47280674 -0.47938164 9.67796190 0.09019608 0.57254902 0.92549020
f 929 930 931
f 929 931 935
f 929 935 941
f 929 941 942
f 929 942 936
f 929 936 932
f 929 932 930
f 930 933 931
f 930 932 934
f 930 934 938
f 930 938 946
f 930 946 953
f 930 953 937
f 930 937 933
f 931 933 935
f 932 936 934
f 933 937 935
f 934 936 938
f 935 937 939
f 935 939 940
f 935 940 941
f 936 942 943
f 936 943 944
f 936 944 945
f 936 945 946
f 936 946 947
f 936 947 938
f 937 948 949
f 937 949 950
f 937 950 951
f 937 951 952
f 937 952 939
f 937 953 948
f 938 947 946
f 939 952 951
f 939 951 950
f 939 950 949
f 939 949 957
f 939 957 960
f 939 960 959
f 939 959 954
f 939 954 940
f 940 954 955
f 940 955 941
f 941 943 942
f 941 955 953
f 941 953 946
f 941 946 945
f 941 945 944
f 941 944 943
f 948 956 957
f 948 957 949
f 948 953 956
f 953 955 958
f 953 958 956
f 954 959 955
f 955 956 958
f 955 959 956
f 956 959 960
f 956 960 957

o geometry_30
v 10.05503921 5.17130293 7.30012000 0.31764706 0.66666667 0.12941176
v 7.43875425 5.17130293 7.30012000 0.31764706 0.66666667 0.12941176
v 10.06248811 1.02940883 7.30012000 0.31764706 0.66666667 0.12941176
v 10.06248811 5.19857562 1.76211336 0.31764706 0.66666667 0.12941176
v 9.91351417 6.67967108 1.75723029 0.31764706 0.66666667 0.12941176
v 9.61351262 7.02022573 2.02146171 0.31764706 0.66666667 0.12941176
v 9.32121556 7.05588879 2.88197676 0.31764706 0.66666667 0.12941176
v 9.07412504 7.05099374 3.65893633 0.31764706 0.66666667 0.12941176
v 8.88045971 7.03281228 4.24328336 0.31764706 0.66666667 0.12941176
v 8.50674094 7.04260238 4.88188773 0.31764706 0.66666667 0.12941176
v 7.97891158 7.03910606 5.73480688 0.31764706 0.66666667 0.12941176
v 7.44466165 6.92512226 6.61756754 0.31764706 0.66666667 0.12941176
v 7.43875425 7.07197265 1.75723029 0.31764706 0.66666667 0.12941176
v 7.43875425 -0.07197261 1.75723029 0.31764706 0.66666667 0.12941176
v 7.51118606 -0.06847604 4.64587022 0.31764706 0.66666667 0.12941176
v 7.63652939 0.13361834 7.26810852 0.31764706 0.66666667 0.12941176
v 9.26958844 0.16368848 5.47600140 0.31764706 0.66666667 0.12941176
v 9.46916217 0.15389839 5.06202105 0.31764706 0.66666667 0.12941176
v 9.75092734 0.14830348 4.46845000 0.31764706 0.66666667 0.12941176
v 9.94407950 0.14970221 4.02137268 0.31764706 0.66666667 0.12941176
v 10.06248811 0.13152075 3.40284344 0.31764706 0.66666667 0.12941176
v 8.22831434 0.14550652 6.86877736 0.31764706 0.66666667 0.12941176
v 8.62951545 0.15389839 6.38968831 0.31764706 0.66666667 0.12941176
v 8.86607608 0.14201020 6.00283638 0.31764706 0.66666667 0.12941176
v 10.06248811 0.12872329 1.75723029 0.31764706 0.66666667 0.12941176
v 8.15793719 7.06288242 5.28881504 0.31764706 0.66666667 0.12941176
v 7.57257331 7.05449006 6.16018172 0.31764706 0.66666667 0.12941176
v 8.61487524 -0.06917540 1.93627837 0.31764706 0.66666667 0.12941176
v 7.90005870 -0.06777693 4.02300029 0.31764706 0.66666667 0.12941176
v 9.09441607 0.12872329 5.56118499 0.31764706 0.66666667 0.12941176
v 8.17771456 -0.06567883 3.50810191 0.31764706 0.66666667 0.12941176
v 8.43045589 -0.06707756 2.79625080 0.31764706 0.66666667 0.12941176
f 961 962 963
f 961 963 964
f 961 964 965
f 961 965 966
f 961 966 967
f 961 967 968
f 961 968 969
f 961 969 970
f 961 970 971
f 961 971 972
f 961 972 962
f 962 972 973
f 962 973 974
f 962 974 975
f 962 975 976
f 962 976 963
f 963 977 978
f 963 978 979
f 963 979 980
f 963 980 981
f 963 981 985
f 963 985 964
f 963 976 982
f 963 982 983
f 963 983 984
f 963 984 977
f 964 985 965
f 965 985 974
f 965 974 973
f 965 973 966
f 966 973 967
f 967 973 986
f 967 986 968
f 968 970 969
f 968 986 970
f 970 986 971
f 971 986 987
f 971 987 972
f 972 987 973
f 973 987 986
f 974 985 988
f 974 988 975
f 975 989 990
f 975 990 982
f 975 982 976
f 975 988 989
f 977 984 990
f 977 990 978
f 978 990 979
f 979 981 980
f 979 990 981
f 981 990 991
f 981 991 992
f 981 992 988
f 981 988 985
f 982 990 984
f 982 984 983
f 988 992 989
f 989 992 991
f 989 991 990

o geometry_31
v -7.18163452 0.84050576 5.17264231 0.71372549 0.28627451 0.18039216
v -6.91537415 -0.06827212 5.52955838 0.71372549 0.28627451 0.18039216
v -7.00042945 0.15623160 8.09465202 0.71372549 0.28627451 0.18039216
v -7.15205009 0.84050576 8.12535463 0.71372549 0.28627451 0.18039216
v 4.84077154 0.84050576 5.17264231 0.71372549 0.28627451 0.18039216
v 0.00123824 -0.08346818 5.17264231 0.71372549 0.28627451 0.18039216
v -5.01950014 -0.06836247 7.28775360 0.71372549 0.28627451 0.18039216
v -5.79609330 -0.06619175 6.75477809 0.71372549 0.28627451 0.18039216
v -5.46326759 0.16627178 9.22440685 0.71372549 0.28627451 0.18039216
v -6.37668943 0.51532812 8.71062067 0.71372549 0.28627451 0.18039216
v -5.58160581 0.84050576 9.27333835 0.71372549 0.28627451 0.18039216
v 5.41150569 0.84050576 6.57536062 0.71372549 0.28627451 0.18039216
v 4.77420620 0.05392932 5.17264231 0.71372549 0.28627451 0.18039216
v 4.97759972 -0.06691533 7.35395553 0.71372549 0.28627451 0.18039216
v 4.24291746 -0.06809117 7.78810760 0.71372549 0.28627451 0.18039216
v 1.79233400 -0.06935736 8.66264762 0.71372549 0.28627451 0.18039216
v -1.79232277 -0.06935736 8.66264762 0.71372549 0.28627451 0.18039216
v -4.24290647 -0.06809117 7.78810760 0.71372549 0.28627451 0.18039216
v -3.43672863 0.13108546 10.07352118 0.71372549 0.28627451 0.18039216
v -4.53135529 0.18535727 9.75786108 0.71372549 0.28627451 0.18039216
v -4.93321184 0.84050576 9.63553184 0.71372549 0.28627451 0.18039216
v 4.27866587 0.51903710 9.91329253 0.71372549 0.28627451 0.18039216
v 5.08114547 0.50673509 9.50744496 0.71372549 0.28627451 0.18039216
v 5.39548073 0.00635113 6.78068350 0.71372549 0.28627451 0.18039216
v -4.18003937 0.84050576 9.98381194 0.71372549 0.28627451 0.18039216
v 3.30360918 0.12963831 10.07352118 0.71372549 0.28627451 0.18039216
v 3.50700270 -0.06772925 8.15749641 0.71372549 0.28627451 0.18039216
v 2.79450938 -0.06754830 8.42950045 0.71372549 0.28627451 0.18039216
v 0.65333020 -0.06673437 8.86749078 0.71372549 0.28627451 0.18039216
v -0.65455177 -0.06673437 8.86749078 0.71372549 0.28627451 0.18039216
v -2.79449815 -0.06754830 8.42950045 0.71372549 0.28627451 0.18039216
v -3.50699171 -0.06772925 8.15749641 0.71372549 0.28627451 0.18039216
f 993 994 995
f 993 995 996
f 993 996 1003
f 993 1003 1013
f 993 1013 1017
f 993 1017 1004
f 993 1004 997
f 993 997 1005
f 993 1005 998
f 993 998 994
f 994 999 1000
f 994 1000 995
f 994 998 999
f 995 1000 999
f 995 999 1001
f 995 1001 1002
f 995 1002 996
f 996 1002 1003
f 997 1004 1005
f 998 1005 1006
f 998 1006 1007
f 998 1007 1008
f 998 1008 1009
f 998 1009 1010
f 998 1010 999
f 999 1010 1001
f 1001 1003 1002
f 1001 1010 1011
f 1001 1011 1012
f 1001 1012 1003
f 1003 1012 1013
f 1004 1014 1015
f 1004 1015 1016
f 1004 1016 1005
f 1004 1017 1014
f 1005 1016 1006
f 1006 1016 1015
f 1006 1015 1018
f 1006 1018 1007
f 1007 1018 1019
f 1007 1019 1008
f 1008 1020 1018
f 1008 1018 1021
f 1008 1021 1022
f 1008 1022 1009
f 1008 1019 1020
f 1009 1022 1011
f 1009 1011 1023
f 1009 1023 1024
f 1009 1024 1010
f 1010 1024 1011
f 1011 1024 1023
f 1011 1022 1018
f 1011 1018 1017
f 1011 1017 1012
f 1012 1017 1013
f 1014 1018 1015
f 1014 1017 1018
f 1018 1022 1021
f 1018 1020 1019

o geometry_32
v 13.43340093 5.58844514 13.79239063 0.58431373 0.01960784 0.82745098
v 13.43340093 0.41456784 13.78011158 0.58431373 0.01960784 0.82745098
v 14.74817364 0.26899637 13.57884760 0.58431373 0.01960784 0.82745098
v 14.73073098 5.79109088 13.52973340 0.58431373 0.01960784 0.82745098
v 13.43340093 5.99181274 13.37117803 0.58431373 0.01960784 0.82745098
v 13.43340093 0.00542863 13.44591759 0.58431373 0.01960784 0.82745098
v 15.76313250 0.03300382 12.36058807 0.58431373 0.01960784 0.82745098
v 16.44273326 0.40302460 12.12409034 0.58431373 0.01960784 0.82745098
v 15.95861986 5.68848559 12.55597959 0.58431373 0.01960784 0.82745098
v 15.11413801 6.06556091 12.75831084 0.58431373 0.01960784 0.82745098
v 14.06758548 6.07197349 13.15069528 0.58431373 0.01960784 0.82745098
v 15.27770324 6.07069057 8.33905091 0.58431373 0.01960784 0.82745098
v 14.71131453 5.96423754 8.33905091 0.58431373 0.01960784 0.82745098
v 13.43340093 5.03950608 8.41165544 0.58431373 0.01960784 0.82745098
v 13.43340093 -0.07152509 8.33905091 0.58431373 0.01960784 0.82745098
v 13.62329438 -0.47938164 9.19749159 0.58431373 0.01960784 0.82745098
v 13.74506353 -0.47938164 11.77014345 0.58431373 0.01960784 0.82745098
v 16.29233263 0.09713262 11.90200619 0.58431373 0.01960784 0.82745098
v 14.45987807 -0.47938164 11.39858018 0.58431373 0.01960784 0.82745098
v 16.75176314 0.38635169 11.65963501 0.58431373 0.01960784 0.82745098
v 16.71358617 5.61602034 11.76747479 0.58431373 0.01960784 0.82745098
v 16.32063565 5.61922713 12.23086186 0.58431373 0.01960784 0.82745098
v 16.40225303 5.98155241 11.54859343 0.58431373 0.01960784 0.82745098
v 16.04649109 6.04311538 11.86303452 0.58431373 0.01960784 0.82745098
v 16.34268582 6.02195376 8.33905091 0.58431373 0.01960784 0.82745098
v 16.43977107 0.00478767 8.33905091 0.58431373 0.01960784 0.82745098
v 14.16170955 -0.47938164 9.36725774 0.58431373 0.01960784 0.82745098
v 14.72184542 -0.47938164 10.97736758 0.58431373 0.01960784 0.82745098
v 14.80971664 -0.47938164 10.45151900 0.58431373 0.01960784 0.82745098
v 16.78105354 0.41392688 8.33905091 0.58431373 0.01960784 0.82745098
v 16.79520455 5.58203256 8.33905091 0.58431373 0.01960784 0.82745098
v 14.59250757 -0.47938164 9.78686894 0.58431373 0.01960784 0.82745098
f 1025 1026 1027
f 1025 1027 1028
f 1025 1028 1029
f 1025 1029 1038
f 1025 1038 1039
f 1025 1039 1030
f 1025 1030 1026
f 1026 1030 1027
f 1027 1030 1031
f 1027 1031 1032
f 1027 1032 1033
f 1027 1033 1028
f 1028 1033 1034
f 1028 1034 1035
f 1028 1035 1029
f 1029 1035 1036
f 1029 1036 1037
f 1029 1037 1038
f 1030 1039 1040
f 1030 1040 1041
f 1030 1041 1031
f 1031 1042 1032
f 1031 1041 1043
f 1031 1043 1042
f 1032 1042 1044
f 1032 1044 1045
f 1032 1045 1046
f 1032 1046 1033
f 1033 1046 1045
f 1033 1045 1047
f 1033 1047 1048
f 1033 1048 1034
f 1034 1048 1036
f 1034 1036 1035
f 1036 1048 1049
f 1036 1049 1055
f 1036 1055 1054
f 1036 1054 1050
f 1036 1050 1039
f 1036 1039 1037
f 1037 1039 1038
f 1039 1050 1040
f 1040 1050 1051
f 1040 1051 1056
f 1040 1056 1053
f 1040 1053 1052
f 1040 1052 1043
f 1040 1043 1041
f 1042 1043 1052
f 1042 1052 1053
f 1042 1053 1050
f 1042 1050 1044
f 1044 1054 1055
f 1044 1055 1045
f 1044 1050 1054
f 1045 1055 1047
f 1047 1049 1048
f 1047 1055 1049
f 1050 1053 1056
f 1050 1056 1051

o geometry_33
v -7.18163452 2.99530207 5.17264231 0.00392157 0.67450980 0.26666667
v -7.18163452 2.99530207 10.07352118 0.00392157 0.67450980 0.26666667
v -7.18163452 5.26543798 5.17264231 0.00392157 0.67450980 0.26666667
v 4.84077154 2.99530207 5.17264231 0.00392157 0.67450980 0.26666667
v -7.18163452 5.17254391 10.07352118 0.00392157 0.67450980 0.26666667
v 5.41150569 2.99530207 10.07352118 0.00392157 0.67450980 0.26666667
v -7.13232714 5.26543798 7.16350448 0.00392157 0.67450980 0.26666667
v 4.84077154 5.26543798 5.17264231 0.00392157 0.67450980 0.26666667
v 5.41150569 2.99530207 6.57536062 0.00392157 0.67450980 0.26666667
v -0.80124161 5.26543798 10.07352118 0.00392157 0.67450980 0.26666667
v -1.51126993 5.26543798 10.00204232 0.00392157 0.67450980 0.26666667
v -2.26937314 5.26543798 9.86148271 0.00392157 0.67450980 0.26666667
v -2.78710192 5.26543798 9.72955807 0.00392157 0.67450980 0.26666667
v -3.18156223 5.26543798 9.60530895 0.00392157 0.67450980 0.26666667
v -3.57232431 5.26543798 9.46858710 0.00392157 0.67450980 0.26666667
v -3.86077338 5.26543798 9.34529743 0.00392157 0.67450980 0.26666667
v -4.61271310 5.26543798 9.00852962 0.00392157 0.67450980 0.26666667
v -5.41272721 5.26543798 8.55135146 0.00392157 0.67450980 0.26666667
v -5.79609330 5.26543798 8.29565742 0.00392157 0.67450980 0.26666667
v -6.31998606 5.26543798 7.90420097 0.00392157 0.67450980 0.26666667
v -6.77731298 5.26543798 7.49979207 0.00392157 0.67450980 0.26666667
v 5.41150569 5.17165436 10.07352118 0.00392157 0.67450980 0.26666667
v 5.41150569 5.26543798 8.55231090 0.00392157 0.67450980 0.26666667
v 5.41027319 5.26521534 6.58159699 0.00392157 0.67450980 0.26666667
v 0.79139124 5.26543798 10.07352118 0.00392157 0.67450980 0.26666667
v 4.63244703 5.26543798 8.99893521 0.00392157 0.67450980 0.26666667
v 3.86941334 5.26543798 9.34241910 0.00392157 0.67450980 0.26666667
v 3.58589501 5.26543798 9.46330968 0.00392157 0.67450980 0.26666667
v 3.20622716 5.26543798 9.59667398 0.00392157 0.67450980 0.26666667
v 2.80067262 5.26543798 9.72524008 0.00392157 0.67450980 0.26666667
v 2.28171109 5.26543798 9.85908361 0.00392157 0.67450980 0.26666667
v 1.46690427 5.26543798 10.00731875 0.00392157 0.67450980 0.26666667
f 1057 1058 1061
f 1057 1061 1059
f 1057 1059 1064
f 1057 1064 1060
f 1057 1060 1065
f 1057 1065 1062
f 1057 1062 1058
f 1058 1062 1078
f 1058 1078 1081
f 1058 1081 1066
f 1058 1066 1061
f 1059 1061 1063
f 1059 1063 1077
f 1059 1077 1076
f 1059 1076 1075
f 1059 1075 1074
f 1059 1074 1073
f 1059 1073 1072
f 1059 1072 1071
f 1059 1071 1070
f 1059 1070 1069
f 1059 1069 1068
f 1059 1068 1067
f 1059 1067 1066
f 1059 1066 1081
f 1059 1081 1088
f 1059 1088 1087
f 1059 1087 1086
f 1059 1086 1085
f 1059 1085 1084
f 1059 1084 1083
f 1059 1083 1082
f 1059 1082 1079
f 1059 1079 1064
f 1060 1064 1065
f 1061 1066 1067
f 1061 1067 1068
f 1061 1068 1069
f 1061 1069 1070
f 1061 1070 1071
f 1061 1071 1072
f 1061 1072 1073
f 1061 1073 1074
f 1061 1074 1075
f 1061 1075 1076
f 1061 1076 1077
f 1061 1077 1063
f 1062 1065 1079
f 1062 1079 1078
f 1064 1079 1080
f 1064 1080 1065
f 1065 1080 1079
f 1078 1079 1082
f 1078 1082 1083
f 1078 1083 1084
f 1078 1084 1085
f 1078 1085 1086
f 1078 1086 1087
f 1078 1087 1088
f 1078 1088 1081

o geometry_34
v -7.18163452 0.84050626 5.17264231 0.73333333 0.96078431 0.24705882
v -7.15205009 0.84050626 8.12535463 0.73333333 0.96078431 0.24705882
v -7.18163452 1.02820878 10.07352118 0.73333333 0.96078431 0.24705882
v -7.18163452 2.99507944 5.17264231 0.73333333 0.96078431 0.24705882
v 4.84077154 0.84050626 5.17264231 0.73333333 0.96078431 0.24705882
v -6.79950143 0.84050626 8.42230514 0.73333333 0.96078431 0.24705882
v -7.18163452 2.99507944 10.07352118 0.73333333 0.96078431 0.24705882
v -6.72430760 0.84050626 8.48514903 0.73333333 0.96078431 0.24705882
v -6.62692533 0.84050626 8.56094587 0.73333333 0.96078431 0.24705882
v -6.27807466 0.84050626 8.81807907 0.73333333 0.96078431 0.24705882
v -6.17576140 0.84050626 8.89147681 0.73333333 0.96078431 0.24705882
v -5.78253383 0.84050626 9.15292700 0.73333333 0.96078431 0.24705882
v -5.45463861 0.84050626 9.35153329 0.73333333 0.96078431 0.24705882
v -5.30671646 0.84050626 9.43644533 0.73333333 0.96078431 0.24705882
v -5.05278256 0.84050626 9.57412662 0.73333333 0.96078431 0.24705882
v -4.81364112 0.84050626 9.69645685 0.73333333 0.96078431 0.24705882
v -4.52889030 0.84050626 9.83365792 0.73333333 0.96078431 0.24705882
v -4.25400095 0.84050626 9.95550893 0.73333333 0.96078431 0.24705882
v -3.96801712 0.84050626 10.07352118 0.73333333 0.96078431 0.24705882
v 4.84077154 2.99507944 5.17264231 0.73333333 0.96078431 0.24705882
v 5.41150569 0.84050626 6.57536062 0.73333333 0.96078431 0.24705882
v 5.41150569 2.99507944 10.07352118 0.73333333 0.96078431 0.24705882
v 3.95939963 0.84050626 10.07352118 0.73333333 0.96078431 0.24705882
v 5.41150569 2.99507944 6.57536062 0.73333333 0.96078431 0.24705882
v 5.41150569 1.02820878 10.07352118 0.73333333 0.96078431 0.24705882
v 5.39178274 0.84050626 9.38799305 0.73333333 0.96078431 0.24705882
v 4.20347155 0.84050626 9.97709686 0.73333333 0.96078431 0.24705882
v 4.47589590 0.84050626 9.85812417 0.73333333 0.96078431 0.24705882
v 4.73969078 0.84050626 9.73195617 0.73333333 0.96078431 0.24705882
v 4.96404025 0.84050626 9.62066001 0.73333333 0.96078431 0.24705882
v 5.03430358 0.84050626 9.58420125 0.73333333 0.96078431 0.24705882
v 5.28700449 0.84050626 9.44747940 0.73333333 0.96078431 0.24705882
f 1089 1090 1091
f 1089 1091 1095
f 1089 1095 1092
f 1089 1092 1108
f 1089 1108 1093
f 1089 1093 1109
f 1089 1109 1114
f 1089 1114 1120
f 1089 1120 1119
f 1089 1119 1118
f 1089 1118 1117
f 1089 1117 1116
f 1089 1116 1115
f 1089 1115 1111
f 1089 1111 1107
f 1089 1107 1106
f 1089 1106 1105
f 1089 1105 1104
f 1089 1104 1103
f 1089 1103 1102
f 1089 1102 1101
f 1089 1101 1100
f 1089 1100 1099
f 1089 1099 1098
f 1089 1098 1097
f 1089 1097 1096
f 1089 1096 1094
f 1089 1094 1090
f 1090 1094 1091
f 1091 1094 1096
f 1091 1096 1097
f 1091 1097 1098
f 1091 1098 1099
f 1091 1099 1100
f 1091 1100 1101
f 1091 1101 1102
f 1091 1102 1103
f 1091 1103 1104
f 1091 1104 1105
f 1091 1105 1106
f 1091 1106 1107
f 1091 1107 1111
f 1091 1111 1113
f 1091 1113 1110
f 1091 1110 1095
f 1092 1095 1110
f 1092 1110 1112
f 1092 1112 1108
f 1093 1108 1112
f 1093 1112 1109
f 1109 1112 1110
f 1109 1110 1113
f 1109 1113 1114
f 1111 1115 1113
f 1113 1115 1116
f 1113 1116 1117
f 1113 1117 1118
f 1113 1118 1119
f 1113 1119 1120
f 1113 1120 1114

o geometry_35
v -7.18163452 7.07062384 5.17264231 0.57254902 0.58823529 0.56862745
v -3.44935736 7.02193695 5.17198088 0.57254902 0.58823529 0.56862745
v -3.44276956 8.44095927 3.56035426 0.57254902 0.58823529 0.56862745
v -3.74104442 8.56489190 2.88884310 0.57254902 0.58823529 0.56862745
v -4.05688623 8.56223622 2.45285726 0.57254902 0.58823529 0.56862745
v -4.41701158 8.55249804 1.83956601 0.57254902 0.58823529 0.56862745
v -4.58023936 8.56666203 1.17864040 0.57254902 0.58823529 0.56862745
v -4.77677153 8.54099074 0.65466328 0.57254902 0.58823529 0.56862745
v -4.83752432 8.52948244 0.11546976 0.57254902 0.58823529 0.56862745
v -7.18163452 7.07062384 -1.58613242 0.57254902 0.58823529 0.56862745
v -7.18163452 -0.07140678 -1.58613242 0.57254902 0.58823529 0.56862745
v -7.17504673 -0.07052147 5.06678830 0.57254902 0.58823529 0.56862745
v -3.44276956 -0.07140678 5.17264231 0.57254902 0.58823529 0.56862745
v -3.44276956 8.57197340 -1.58613242 0.57254902 0.58823529 0.56862745
v -4.64574992 8.57197340 0.58916620 0.57254902 0.58823529 0.56862745
v -4.68673982 8.56046510 -0.68637388 0.57254902 0.58823529 0.56862745
v -4.83569429 8.52594119 -0.29405271 0.57254902 0.58823529 0.56862745
v -4.59048671 8.54453099 -1.37508634 0.57254902 0.58823529 0.56862745
v -3.56464129 -0.24048580 -1.58613242 0.57254902 0.58823529 0.56862745
v -4.34125368 -0.46887471 -1.57554712 0.57254902 0.58823529 0.56862745
v -4.54327542 -0.46710408 -1.20241190 0.57254902 0.58823529 0.56862745
v -4.70357496 -0.46533396 -0.40850737 0.57254902 0.58823529 0.56862745
v -4.73248748 -0.46267828 0.13134783 0.57254902 0.58823529 0.56862745
v -4.67539475 -0.46798965 0.55674838 0.57254902 0.58823529 0.56862745
v -4.53522401 -0.46887471 1.17797873 0.57254902 0.58823529 0.56862745
v -4.38443951 -0.47064533 1.57096157 0.57254902 0.58823529 0.56862745
v -4.21352621 -0.46887471 2.02745672 0.57254902 0.58823529 0.56862745
v -4.01479836 -0.46533396 2.48461341 0.57254902 0.58823529 0.56862745
v -3.55951762 -0.46798965 3.04960889 0.57254902 0.58823529 0.56862745
v -3.44276956 -0.45294060 2.21468600 0.57254902 0.58823529 0.56862745
v -3.44276956 3.62531141 -1.58613242 0.57254902 0.58823529 0.56862745
v -3.44276956 -0.28563245 1.70460218 0.57254902 0.58823529 0.56862745
f 1121 1122 1123
f 1121 1123 1124
f 1121 1124 1125
f 1121 1125 1126
f 1121 1126 1127
f 1121 1127 1128
f 1121 1128 1129
f 1121 1129 1130
f 1121 1130 1131
f 1121 1131 1132
f 1121 1132 1133
f 1121 1133 1122
f 1122 1133 1123
f 1123 1134 1124
f 1123 1133 1150
f 1123 1150 1152
f 1123 1152 1151
f 1123 1151 1134
f 1124 1134 1135
f 1124 1135 1127
f 1124 1127 1125
f 1125 1127 1126
f 1127 1135 1128
f 1128 1135 1129
f 1129 1135 1136
f 1129 1136 1137
f 1129 1137 1130
f 1130 1137 1138
f 1130 1138 1134
f 1130 1134 1151
f 1130 1151 1139
f 1130 1139 1131
f 1131 1139 1140
f 1131 1140 1141
f 1131 1141 1142
f 1131 1142 1143
f 1131 1143 1132
f 1132 1143 1144
f 1132 1144 1145
f 1132 1145 1146
f 1132 1146 1147
f 1132 1147 1148
f 1132 1148 1149
f 1132 1149 1133
f 1133 1149 1150
f 1134 1138 1136
f 1134 1136 1135
f 1136 1138 1137
f 1139 1151 1152
f 1139 1152 1150
f 1139 1150 1140
f 1140 1150 1149
f 1140 1149 1146
f 1140 1146 1144
f 1140 1144 1141
f 1141 1144 1142
f 1142 1144 1143
f 1144 1146 1145
f 1146 1149 1147
f 1147 1149 1148

o geometry_36
v -7.18163452 5.26566061 5.17264231 0.21960784 0.94901961 0.44705882
v -6.63678681 5.26566061 7.61828454 0.21960784 0.94901961 0.44705882
v -7.16807505 7.07001983 6.44583458 0.21960784 0.94901961 0.44705882
v -7.18163452 7.07162322 5.17264231 0.21960784 0.94901961 0.44705882
v 4.84077154 5.26566061 5.17264231 0.21960784 0.94901961 0.44705882
v -5.60379425 5.26566061 8.42326458 0.21960784 0.94901961 0.44705882
v -5.27589903 6.83712424 8.45300725 0.21960784 0.94901961 0.44705882
v -6.28793614 7.00088117 7.49739347 0.21960784 0.94901961 0.44705882
v -3.36523280 6.98698275 9.22920406 0.21960784 0.94901961 0.44705882
v -2.53809901 6.98395367 9.48201928 0.21960784 0.94901961 0.44705882
v 2.53811024 6.98395367 9.48201928 0.21960784 0.94901961 0.44705882
v -0.00245982 7.08605677 5.17264231 0.21960784 0.94901961 0.44705882
v 4.53259927 6.92069545 5.17264231 0.21960784 0.94901961 0.44705882
v 5.41150569 6.88755231 6.79219680 0.21960784 0.94901961 0.44705882
v 5.41027319 5.31715794 6.57823894 0.21960784 0.94901961 0.44705882
v 5.41150569 5.26566061 8.55231090 0.21960784 0.94901961 0.44705882
v -4.61271310 5.26566061 9.00852962 0.21960784 0.94901961 0.44705882
v -4.25030296 6.89200707 8.98070583 0.21960784 0.94901961 0.44705882
v -1.67768279 6.77921234 9.87635355 0.21960784 0.94901961 0.44705882
v 0.35501978 6.87133665 9.96078536 0.21960784 0.94901961 0.44705882
v 1.72453616 6.77244134 9.87731299 0.21960784 0.94901961 0.44705882
v 3.69806974 6.92746745 9.16923749 0.21960784 0.94901961 0.44705882
v 4.98006521 6.94653347 8.50913505 0.21960784 0.94901961 0.44705882
v 4.63244703 5.26566061 8.99893521 0.21960784 0.94901961 0.44705882
v -3.71654872 5.26566061 9.40718187 0.21960784 0.94901961 0.44705882
v -2.62685255 5.26566061 9.76457816 0.21960784 0.94901961 0.44705882
v -1.51126993 5.26566061 10.00204232 0.21960784 0.94901961 0.44705882
v -0.36856814 5.28775671 10.07352118 0.21960784 0.94901961 0.44705882
v 0.53129411 5.28419250 10.07352118 0.21960784 0.94901961 0.44705882
v 1.46690427 5.26566061 10.00731875 0.21960784 0.94901961 0.44705882
v 2.64288874 5.26566061 9.76026018 0.21960784 0.94901961 0.44705882
v 3.72765417 5.26566061 9.40286489 0.21960784 0.94901961 0.44705882
f 1153 1154 1155
f 1153 1155 1156
f 1153 1156 1164
f 1153 1164 1165
f 1153 1165 1157
f 1153 1157 1168
f 1153 1168 1176
f 1153 1176 1184
f 1153 1184 1183
f 1153 1183 1182
f 1153 1182 1179
f 1153 1179 1178
f 1153 1178 1177
f 1153 1177 1169
f 1153 1169 1158
f 1153 1158 1154
f 1154 1158 1159
f 1154 1159 1160
f 1154 1160 1155
f 1155 1160 1161
f 1155 1161 1162
f 1155 1162 1163
f 1155 1163 1164
f 1155 1164 1156
f 1157 1165 1166
f 1157 1166 1167
f 1157 1167 1168
f 1158 1169 1159
f 1159 1169 1170
f 1159 1170 1160
f 1160 1170 1161
f 1161 1170 1171
f 1161 1171 1162
f 1162 1171 1172
f 1162 1172 1163
f 1163 1173 1174
f 1163 1174 1175
f 1163 1175 1164
f 1163 1172 1173
f 1164 1175 1165
f 1165 1175 1166
f 1166 1168 1167
f 1166 1175 1168
f 1168 1175 1176
f 1169 1177 1170
f 1170 1177 1171
f 1171 1177 1178
f 1171 1178 1179
f 1171 1179 1180
f 1171 1180 1172
f 1172 1181 1173
f 1172 1180 1181
f 1173 1181 1182
f 1173 1182 1183
f 1173 1183 1184
f 1173 1184 1174
f 1174 1184 1176
f 1174 1176 1175
f 1179 1182 1181
f 1179 1181 1180

o geometry_37
v -1.58027581 3.42796956 5.17264231 0.84313725 0.69803922 0.29411765
v -1.58027581 3.42796956 3.64210168 0.84313725 0.69803922 0.29411765
v -3.44276956 3.42796956 5.17264231 0.84313725 0.69803922 0.29411765
v -1.58027581 -0.07151860 5.17264231 0.84313725 0.69803922 0.29411765
v -3.44276956 3.42796956 1.97787590 0.84313725 0.69803922 0.29411765
v -1.58027581 2.93894964 3.45718789 0.84313725 0.69803922 0.29411765
v -1.66523289 3.03247817 3.29858983 0.84313725 0.69803922 0.29411765
v -3.37039192 3.06149103 1.64383766 0.84313725 0.69803922 0.29411765
v -3.44276956 -0.07151860 5.17264231 0.84313725 0.69803922 0.29411765
v -1.62384826 -0.46700999 4.37754720 0.84313725 0.69803922 0.29411765
v -1.58027581 -0.47197267 3.85999864 0.84313725 0.69803922 0.29411765
v -3.44276956 2.88741387 1.58804768 0.84313725 0.69803922 0.29411765
v -1.58027581 -0.08029883 3.46069669 0.84313725 0.69803922 0.29411765
v -1.66523289 -0.01731043 3.29858983 0.84313725 0.69803922 0.29411765
v -3.29819647 -0.01731043 1.66559231 0.84313725 0.69803922 0.29411765
v -3.44276956 -0.47197267 3.10069338 0.84313725 0.69803922 0.29411765
v -3.43438319 -0.46204730 3.27332638 0.84313725 0.69803922 0.29411765
v -3.21396883 -0.46204730 3.48911801 0.84313725 0.69803922 0.29411765
v -2.74925691 -0.45555760 3.92631488 0.84313725 0.69803922 0.29411765
v -2.18354435 -0.46662836 4.16701903 0.84313725 0.69803922 0.29411765
v -1.95875435 -0.46700999 4.27438832 0.84313725 0.69803922 0.29411765
v -3.44276956 -0.47159079 2.38068677 0.84313725 0.69803922 0.29411765
v -3.42782011 -0.45708437 2.12840369 0.84313725 0.69803922 0.29411765
v -1.58027581 -0.42730825 3.67192672 0.84313725 0.69803922 0.29411765
v -3.44276956 0.00330408 1.58804768 0.84313725 0.69803922 0.29411765
v -1.58027581 -0.29102394 3.52245159 0.84313725 0.69803922 0.29411765
v -3.42636172 -0.18260735 1.62769726 0.84313725 0.69803922 0.29411765
v -2.99774740 -0.46700999 3.61789102 0.84313725 0.69803922 0.29411765
v -2.80303877 -0.46548297 3.80175228 0.84313725 0.69803922 0.29411765
v -2.49566171 -0.46548297 4.01157884 0.84313725 0.69803922 0.29411765
v -3.44276956 -0.40822076 1.95787565 0.84313725 0.69803922 0.29411765
v -3.44276956 -0.32309083 1.76699680 0.84313725 0.69803922 0.29411765
f 1185 1186 1189
f 1185 1189 1187
f 1185 1187 1193
f 1185 1193 1188
f 1185 1188 1195
f 1185 1195 1208
f 1185 1208 1210
f 1185 1210 1197
f 1185 1197 1190
f 1185 1190 1186
f 1186 1190 1191
f 1186 1191 1192
f 1186 1192 1189
f 1187 1189 1196
f 1187 1196 1209
f 1187 1209 1216
f 1187 1216 1215
f 1187 1215 1206
f 1187 1206 1200
f 1187 1200 1193
f 1188 1193 1194
f 1188 1194 1195
f 1189 1192 1196
f 1190 1197 1198
f 1190 1198 1191
f 1191 1198 1199
f 1191 1199 1192
f 1192 1199 1196
f 1193 1200 1201
f 1193 1201 1202
f 1193 1202 1203
f 1193 1203 1204
f 1193 1204 1205
f 1193 1205 1194
f 1194 1205 1195
f 1195 1200 1206
f 1195 1206 1207
f 1195 1207 1208
f 1195 1205 1200
f 1196 1199 1209
f 1197 1210 1198
f 1198 1210 1199
f 1199 1210 1211
f 1199 1211 1209
f 1200 1205 1204
f 1200 1204 1212
f 1200 1212 1202
f 1200 1202 1201
f 1202 1212 1213
f 1202 1213 1203
f 1203 1213 1214
f 1203 1214 1204
f 1204 1214 1212
f 1206 1215 1207
f 1207 1215 1208
f 1208 1215 1216
f 1208 1216 1211
f 1208 1211 1210
f 1209 1211 1216
f 1212 1214 1213

o geometry_38
v -3.44276956 3.42796956 1.97651449 0.81176471 0.39607843 0.87843137
v -1.58027581 3.42796956 3.64172954 0.81176471 0.39607843 0.87843137
v -3.44276956 3.42796956 5.17264231 0.81176471 0.39607843 0.87843137
v -3.44276956 8.57143827 -1.58613242 0.81176471 0.39607843 0.87843137
v -3.43037246 3.62520009 -1.58613242 0.81176471 0.39607843 0.87843137
v -1.58027581 3.43736130 -0.05058868 0.81176471 0.39607843 0.87843137
v -1.58027581 3.42796956 5.17264231 0.81176471 0.39607843 0.87843137
v -3.39154005 7.04662883 5.17198088 0.81176471 0.39607843 0.87843137
v -3.42727324 8.38249427 3.65429961 0.81176471 0.39607843 0.87843137
v -3.42927849 8.55375899 3.27521032 0.81176471 0.39607843 0.87843137
v -2.48636382 9.05208430 0.26234211 0.81176471 0.39607843 0.87843137
v -2.48144132 9.05097909 -0.26957399 0.81176471 0.39607843 0.87843137
v -2.42109612 9.05263640 -0.65395605 0.81176471 0.39607843 0.87843137
v -2.24115474 9.05760932 -1.02179862 0.81176471 0.39607843 0.87843137
v -2.03003815 9.06423855 -1.33737586 0.81176471 0.39607843 0.87843137
v -1.65629966 9.07142088 -1.57554712 0.81176471 0.39607843 0.87843137
v -1.58027581 3.62851471 -1.58613242 0.81176471 0.39607843 0.87843137
v -1.59431375 8.33000955 4.76378164 0.81176471 0.39607843 0.87843137
v -1.59431375 7.03557979 5.17198088 0.81176471 0.39607843 0.87843137
v -1.78956924 8.47696577 4.56199750 0.81176471 0.39607843 0.87843137
v -2.45664685 8.44879055 4.29603914 0.81176471 0.39607843 0.87843137
v -2.85372117 8.45210516 4.03735846 0.81176471 0.39607843 0.87843137
v -2.94196005 8.52779318 3.82300425 0.81176471 0.39607843 0.87843137
v -2.56694539 8.54326205 4.06183718 0.81176471 0.39607843 0.87843137
v -1.74344444 9.06865837 1.59544030 0.81176471 0.39607843 0.87843137
v -2.09384709 9.06313334 1.30897301 0.81176471 0.39607843 0.87843137
v -2.22474665 9.06700106 0.98214898 0.81176471 0.39607843 0.87843137
v -2.42109612 9.05484681 0.62224558 0.81176471 0.39607843 0.87843137
v -2.29019656 9.07142088 0.65466328 0.81176471 0.39607843 0.87843137
v -2.29019656 9.07142088 -0.65395605 0.81176471 0.39607843 0.87843137
v -2.02839731 9.07197298 1.24347593 0.81176471 0.39607843 0.87843137
v -2.08053847 8.53000259 4.36153622 0.81176471 0.39607843 0.87843137
f 1217 1218 1223
f 1217 1223 1219
f 1217 1219 1220
f 1217 1220 1221
f 1217 1221 1222
f 1217 1222 1218
f 1218 1222 1233
f 1218 1233 1223
f 1219 1223 1224
f 1219 1224 1225
f 1219 1225 1226
f 1219 1226 1220
f 1220 1227 1228
f 1220 1228 1229
f 1220 1229 1230
f 1220 1230 1231
f 1220 1231 1232
f 1220 1232 1233
f 1220 1233 1221
f 1220 1226 1227
f 1221 1233 1222
f 1223 1234 1235
f 1223 1235 1224
f 1223 1233 1234
f 1224 1235 1234
f 1224 1234 1236
f 1224 1236 1237
f 1224 1237 1238
f 1224 1238 1225
f 1225 1238 1239
f 1225 1239 1226
f 1226 1239 1240
f 1226 1240 1241
f 1226 1241 1242
f 1226 1242 1243
f 1226 1243 1244
f 1226 1244 1227
f 1227 1244 1245
f 1227 1245 1246
f 1227 1246 1228
f 1228 1246 1229
f 1229 1246 1230
f 1230 1246 1231
f 1231 1246 1232
f 1232 1246 1247
f 1232 1247 1241
f 1232 1241 1234
f 1232 1234 1233
f 1234 1241 1236
f 1236 1248 1237
f 1236 1241 1248
f 1237 1248 1240
f 1237 1240 1238
f 1238 1240 1239
f 1240 1248 1241
f 1241 1247 1242
f 1242 1247 1243
f 1243 1245 1244
f 1243 1247 1245
f 1245 1247 1246

o geometry_39
v -0.90563736 7.10774453 -5.05406148 0.58039216 0.87843137 0.69019608
v -0.77802359 8.29770204 -4.99533490 0.58039216 0.87843137 0.69019608
v -0.64502344 7.10774453 -1.58613279 0.58039216 0.87843137 0.69019608
v -1.51553176 7.10774453 -4.90979090 0.58039216 0.87843137 0.69019608
v -0.66408272 9.06543560 -2.33464334 0.58039216 0.87843137 0.69019608
v -1.23834464 8.31231530 -4.87889959 0.58039216 0.87843137 0.69019608
v -1.06101128 8.53361772 -4.70509599 0.58039216 0.87843137 0.69019608
v -4.87782334 7.10774453 -1.58613279 0.58039216 0.87843137 0.69019608
v -0.64502344 9.07197298 -1.58613279 0.58039216 0.87843137 0.69019608
v -1.89713010 7.10774453 -4.77061204 0.58039216 0.87843137 0.69019608
v -0.98187412 9.06735848 -2.22499749 0.58039216 0.87843137 0.69019608
v -2.57083132 8.32058287 -4.33304751 0.58039216 0.87843137 0.69019608
v -1.70819546 8.37576421 -4.66741621 0.58039216 0.87843137 0.69019608
v -2.11051027 8.48804976 -4.39516857 0.58039216 0.87843137 0.69019608
v -2.56213046 8.54630710 -4.06181821 0.58039216 0.87843137 0.69019608
v -4.65615651 8.41306460 -1.70154939 0.58039216 0.87843137 0.69019608
v -4.77092603 7.10774453 -1.89402352 0.58039216 0.87843137 0.69019608
v -1.37465940 9.06543560 -2.01215570 0.58039216 0.87843137 0.69019608
v -1.81674995 9.06235960 -1.64384115 0.58039216 0.87843137 0.69019608
v -2.22983738 7.10774453 -4.61819419 0.58039216 0.87843137 0.69019608
v -2.80534253 7.10774453 -4.30453284 0.58039216 0.87843137 0.69019608
v -2.89235190 8.33519512 -4.10628771 0.58039216 0.87843137 0.69019608
v -3.09744541 8.46805325 -3.78549744 0.58039216 0.87843137 0.69019608
v -3.71976973 8.53207922 -3.07874080 0.58039216 0.87843137 0.69019608
v -3.99074170 8.56130473 -2.61741388 0.58039216 0.87843137 0.69019608
v -4.43324670 8.43229136 -2.14997664 0.58039216 0.87843137 0.69019608
v -4.15854555 8.33557950 -2.79970419 0.58039216 0.87843137 0.69019608
v -4.61638064 7.10774453 -2.22941057 0.58039216 0.87843137 0.69019608
v -3.58386930 7.10774453 -3.66804403 0.58039216 0.87843137 0.69019608
v -3.97292565 8.30385505 -3.12219170 0.58039216 0.87843137 0.69019608
v -3.55320887 8.39364515 -3.47964365 0.58039216 0.87843137 0.69019608
v -4.30977632 7.10774453 -2.79732780 0.58039216 0.87843137 0.69019608
f 1249 1250 1251
f 1249 1251 1256
f 1249 1256 1265
f 1249 1265 1276
f 1249 1276 1280
f 1249 1280 1277
f 1249 1277 1269
f 1249 1269 1268
f 1249 1268 1258
f 1249 1258 1252
f 1249 1252 1250
f 1250 1253 1251
f 1250 1252 1254
f 1250 1254 1255
f 1250 1255 1253
f 1251 1253 1257
f 1251 1257 1256
f 1252 1258 1254
f 1253 1255 1259
f 1253 1259 1257
f 1254 1258 1260
f 1254 1260 1261
f 1254 1261 1255
f 1255 1261 1262
f 1255 1262 1263
f 1255 1263 1259
f 1256 1264 1265
f 1256 1257 1264
f 1257 1259 1266
f 1257 1266 1267
f 1257 1267 1264
f 1258 1268 1260
f 1259 1263 1266
f 1260 1269 1270
f 1260 1270 1263
f 1260 1263 1262
f 1260 1262 1261
f 1260 1268 1269
f 1263 1267 1266
f 1263 1270 1271
f 1263 1271 1272
f 1263 1272 1267
f 1264 1273 1274
f 1264 1274 1275
f 1264 1275 1276
f 1264 1276 1265
f 1264 1267 1273
f 1267 1272 1273
f 1269 1277 1270
f 1270 1277 1278
f 1270 1278 1279
f 1270 1279 1271
f 1271 1279 1272
f 1272 1279 1278
f 1272 1278 1275
f 1272 1275 1273
f 1273 1275 1274
f 1275 1278 1280
f 1275 1280 1276
f 1277 1280 1278

o geometry_40
v -0.64502344 9.07142287 -1.58613279 0.72156863 0.49803922 0.95294118
v 1.73466608 9.06426850 -1.72193439 0.72156863 0.49803922 0.95294118
v 1.11276918 9.06757013 -2.14337562 0.72156863 0.49803922 0.95294118
v -0.49859012 9.06646892 -2.38129179 0.72156863 0.49803922 0.95294118
v -0.29465049 8.31800705 -5.00328049 0.72156863 0.49803922 0.95294118
v -0.61656668 7.07423897 -5.17031309 0.72156863 0.49803922 0.95294118
v -0.64502344 4.00829563 -5.17101495 0.72156863 0.49803922 0.95294118
v -0.64502344 3.61975594 -1.58613279 0.72156863 0.49803922 0.95294118
v 5.41150569 7.07148744 -1.58613279 0.72156863 0.49803922 0.95294118
v 4.54061275 8.49576722 -1.78264163 0.72156863 0.49803922 0.95294118
v 4.15526188 8.53043789 -2.46305344 0.72156863 0.49803922 0.95294118
v 3.82919594 8.53153910 -2.94625457 0.72156863 0.49803922 0.95294118
v 3.07390840 8.54474664 -3.68000435 0.72156863 0.49803922 0.95294118
v 0.32783919 9.06591882 -2.42094436 0.72156863 0.49803922 0.95294118
v 2.11230984 8.53539184 -4.33515059 0.72156863 0.49803922 0.95294118
v 0.87385163 8.45449129 -4.84537207 0.72156863 0.49803922 0.95294118
v 0.36044583 8.41486767 -4.93204623 0.72156863 0.49803922 0.95294118
v 4.44694295 7.02690987 -5.17101495 0.72156863 0.49803922 0.95294118
v -0.12983903 7.08414488 -5.17101495 0.72156863 0.49803922 0.95294118
v 4.84118637 3.44970075 -5.17101495 0.72156863 0.49803922 0.95294118
v -0.61715947 3.44970075 -5.17066402 0.72156863 0.49803922 0.95294118
v -0.64502344 3.44970075 -3.90704220 0.72156863 0.49803922 0.95294118
v -0.03439062 3.45190217 -1.58613279 0.72156863 0.49803922 0.95294118
v 5.41150569 3.44970075 -1.58613279 0.72156863 0.49803922 0.95294118
v 5.41150569 7.02635977 -4.37304901 0.72156863 0.49803922 0.95294118
v 3.50135138 8.50677434 -3.38699569 0.72156863 0.49803922 0.95294118
v 2.70990011 8.52163319 -4.01968392 0.72156863 0.49803922 0.95294118
v 1.63981058 8.48641142 -4.61482467 0.72156863 0.49803922 0.95294118
v 5.41150569 6.65818200 -4.71939576 0.72156863 0.49803922 0.95294118
v 4.80442959 6.71101515 -5.17101495 0.72156863 0.49803922 0.95294118
v 5.41150569 3.44970075 -4.74115191 0.72156863 0.49803922 0.95294118
v 3.62999935 3.44970075 -1.58613279 0.72156863 0.49803922 0.95294118
f 1281 1282 1283
f 1281 1283 1284
f 1281 1284 1285
f 1281 1285 1286
f 1281 1286 1287
f 1281 1287 1302
f 1281 1302 1288
f 1281 1288 1303
f 1281 1303 1312
f 1281 1312 1304
f 1281 1304 1289
f 1281 1289 1290
f 1281 1290 1282
f 1282 1290 1291
f 1282 1291 1292
f 1282 1292 1293
f 1282 1293 1283
f 1283 1294 1284
f 1283 1293 1295
f 1283 1295 1294
f 1284 1294 1296
f 1284 1296 1297
f 1284 1297 1285
f 1285 1297 1298
f 1285 1298 1299
f 1285 1299 1286
f 1286 1299 1287
f 1287 1299 1298
f 1287 1298 1310
f 1287 1310 1300
f 1287 1300 1301
f 1287 1301 1302
f 1288 1302 1303
f 1289 1304 1311
f 1289 1311 1309
f 1289 1309 1305
f 1289 1305 1290
f 1290 1305 1291
f 1291 1305 1292
f 1292 1306 1293
f 1292 1305 1306
f 1293 1306 1305
f 1293 1305 1298
f 1293 1298 1307
f 1293 1307 1295
f 1294 1295 1308
f 1294 1308 1296
f 1295 1307 1298
f 1295 1298 1308
f 1296 1308 1298
f 1296 1298 1297
f 1298 1305 1309
f 1298 1309 1310
f 1300 1310 1309
f 1300 1309 1311
f 1300 1311 1304
f 1300 1304 1312
f 1300 1312 1302
f 1300 1302 1301
f 1302 1312 1303

o geometry_41
v 5.41150569 3.44915015 -1.58613279 0.64313725 0.42352941 0.60392157
v 5.41150569 -0.07130619 -1.58613279 0.64313725 0.42352941 0.60392157
v 5.41150569 3.44915015 -4.74115191 0.64313725 0.42352941 0.60392157
v 3.62999935 3.44915015 -1.58613279 0.64313725 0.42352941 0.60392157
v 5.40854101 0.07707272 -4.67623389 0.64313725 0.42352941 0.60392157
v 3.76398265 -0.44934694 -1.58613279 0.64313725 0.42352941 0.60392157
v 4.37342989 -0.46736716 -1.62754001 0.64313725 0.42352941 0.60392157
v 4.77419472 0.06748779 -5.17101495 0.64313725 0.42352941 0.60392157
v 4.84118637 3.44915015 -5.17101495 0.64313725 0.42352941 0.60392157
v 3.37329620 3.00056203 -1.62648723 0.64313725 0.42352941 0.60392157
v 3.46874486 -0.17520986 -1.59315102 0.64313725 0.42352941 0.60392157
v -0.64502344 3.44915015 -3.90704220 0.64313725 0.42352941 0.60392157
v -0.54661060 3.01436510 -3.72386783 0.64313725 0.42352941 0.60392157
v 4.22047542 -0.46698378 -2.07143938 0.64313725 0.42352941 0.60392157
v 4.01119996 -0.46583365 -2.49603885 0.64313725 0.42352941 0.60392157
v 3.70647658 -0.46621703 -2.90660175 0.64313725 0.42352941 0.60392157
v 3.44740204 -0.46238276 -3.25259756 0.64313725 0.42352941 0.60392157
v 2.75732780 -0.46621703 -3.82984238 0.64313725 0.42352941 0.60392157
v -0.64502344 -0.41368987 -3.96038028 0.64313725 0.42352941 0.60392157
v -0.58514573 -0.44781343 -4.63763361 0.64313725 0.42352941 0.60392157
v 0.64738398 -0.46468327 -4.69272659 0.64313725 0.42352941 0.60392157
v 1.20347480 -0.46775053 -4.54288855 0.64313725 0.42352941 0.60392157
v 3.07035118 -0.46698378 -3.54806273 0.64313725 0.42352941 0.60392157
v 2.49528931 -0.46583365 -4.01161304 0.64313725 0.42352941 0.60392157
v 1.68130990 -0.46353314 -4.44112490 0.64313725 0.42352941 0.60392157
v 0.19681995 -0.40525508 -4.82326449 0.64313725 0.42352941 0.60392157
v -0.08241110 -0.08242512 -5.17101495 0.64313725 0.42352941 0.60392157
v -0.61715947 3.44915015 -5.17066402 0.64313725 0.42352941 0.60392157
v -0.56498899 -0.03718314 -3.73018431 0.64313725 0.42352941 0.60392157
v 2.07199622 -0.46698378 -4.22040354 0.64313725 0.42352941 0.60392157
v -0.61775225 -0.07360670 -5.17031309 0.64313725 0.42352941 0.60392157
v -0.19623790 -0.40525508 -4.82326449 0.64313725 0.42352941 0.60392157
f 1313 1314 1315
f 1313 1315 1321
f 1313 1321 1340
f 1313 1340 1324
f 1313 1324 1316
f 1313 1316 1318
f 1313 1318 1314
f 1314 1317 1315
f 1314 1318 1319
f 1314 1319 1317
f 1315 1317 1320
f 1315 1320 1321
f 1316 1322 1323
f 1316 1323 1318
f 1316 1324 1325
f 1316 1325 1322
f 1317 1319 1326
f 1317 1326 1327
f 1317 1327 1328
f 1317 1328 1329
f 1317 1329 1330
f 1317 1330 1320
f 1318 1323 1331
f 1318 1331 1332
f 1318 1332 1319
f 1319 1332 1333
f 1319 1333 1334
f 1319 1334 1335
f 1319 1335 1326
f 1320 1330 1336
f 1320 1336 1337
f 1320 1337 1333
f 1320 1333 1338
f 1320 1338 1339
f 1320 1339 1321
f 1321 1339 1340
f 1322 1325 1341
f 1322 1341 1323
f 1323 1341 1331
f 1324 1340 1331
f 1324 1331 1341
f 1324 1341 1325
f 1326 1335 1328
f 1326 1328 1327
f 1328 1335 1329
f 1329 1335 1330
f 1330 1342 1336
f 1330 1335 1342
f 1331 1340 1343
f 1331 1343 1332
f 1332 1343 1344
f 1332 1344 1333
f 1333 1337 1334
f 1333 1344 1338
f 1334 1337 1342
f 1334 1342 1335
f 1336 1342 1337
f 1338 1344 1339
f 1339 1344 1343
f 1339 1343 1340

o geometry_42
v 3.55189625 3.61056986 -1.58613242 0.01568627 0.29803922 0.65882353
v 1.75491817 3.62874383 -1.58613242 0.01568627 0.29803922 0.65882353
v 5.41114777 3.61056986 -1.58613242 0.01568627 0.29803922 0.65882353
v 1.75563388 3.61056986 3.50478081 0.01568627 0.29803922 0.65882353
v 1.87910676 9.06702802 1.49157119 0.01568627 0.29803922 0.65882353
v 2.14931571 9.06542462 -1.13757650 0.01568627 0.29803922 0.65882353
v 5.41114777 7.07163620 -1.58613242 0.01568627 0.29803922 0.65882353
v 1.75491817 3.61056986 5.17264231 0.01568627 0.29803922 0.65882353
v 1.75491817 7.07163620 5.17264231 0.01568627 0.29803922 0.65882353
v 1.80860194 8.44751063 4.58184475 0.01568627 0.29803922 0.65882353
v 5.41114777 3.61056986 4.74062576 0.01568627 0.29803922 0.65882353
v 2.09420027 9.06275097 1.30897301 0.01568627 0.29803922 0.65882353
v 2.33935643 9.06542462 0.67120303 0.01568627 0.29803922 0.65882353
v 2.42131376 9.07076894 0.13134783 0.01568627 0.29803922 0.65882353
v 2.42596645 8.53517219 4.15975209 0.01568627 0.29803922 0.65882353
v 2.81571143 8.53463806 3.92753540 0.01568627 0.29803922 0.65882353
v 3.25556125 8.53837998 3.54910728 0.01568627 0.29803922 0.65882353
v 2.35581968 9.06756215 -0.54744062 0.01568627 0.29803922 0.65882353
v 4.67711046 8.49401407 -1.32811341 0.01568627 0.29803922 0.65882353
v 4.84066721 8.48385757 -0.71349906 0.01568627 0.29803922 0.65882353
v 4.97416081 8.36465825 -0.18753716 0.01568627 0.29803922 0.65882353
v 5.41114777 7.05132420 4.34631994 0.01568627 0.29803922 0.65882353
v 4.84066721 3.61056986 5.17264231 0.01568627 0.29803922 0.65882353
v 4.31707047 7.07056694 5.17264231 0.01568627 0.29803922 0.65882353
v 5.41114777 6.74022868 4.68637591 0.01568627 0.29803922 0.65882353
v 4.67138377 8.52982688 1.18856415 0.01568627 0.29803922 0.65882353
v 3.68002182 8.54105264 3.09062724 0.01568627 0.29803922 0.65882353
v 4.00140912 8.51592946 2.75983372 0.01568627 0.29803922 0.65882353
v 4.28664940 8.50684223 2.32384788 0.01568627 0.29803922 0.65882353
v 4.46810107 8.50417057 1.96262119 0.01568627 0.29803922 0.65882353
v 4.86965661 8.48225418 0.45684870 0.01568627 0.29803922 0.65882353
v 4.75047825 6.76267920 5.17264231 0.01568627 0.29803922 0.65882353
f 1345 1346 1351
f 1345 1351 1347
f 1345 1347 1355
f 1345 1355 1367
f 1345 1367 1352
f 1345 1352 1348
f 1345 1348 1346
f 1346 1349 1350
f 1346 1350 1351
f 1346 1348 1352
f 1346 1352 1353
f 1346 1353 1354
f 1346 1354 1349
f 1347 1351 1366
f 1347 1366 1369
f 1347 1369 1355
f 1349 1356 1357
f 1349 1357 1358
f 1349 1358 1350
f 1349 1354 1359
f 1349 1359 1360
f 1349 1360 1361
f 1349 1361 1356
f 1350 1362 1363
f 1350 1363 1351
f 1350 1358 1362
f 1351 1363 1364
f 1351 1364 1365
f 1351 1365 1366
f 1352 1367 1376
f 1352 1376 1368
f 1352 1368 1353
f 1353 1368 1354
f 1354 1368 1359
f 1355 1369 1367
f 1356 1370 1357
f 1356 1361 1371
f 1356 1371 1372
f 1356 1372 1373
f 1356 1373 1374
f 1356 1374 1370
f 1357 1370 1358
f 1358 1370 1375
f 1358 1375 1364
f 1358 1364 1362
f 1359 1368 1360
f 1360 1368 1366
f 1360 1366 1361
f 1361 1366 1371
f 1362 1364 1363
f 1364 1375 1365
f 1365 1375 1366
f 1366 1373 1372
f 1366 1372 1371
f 1366 1368 1369
f 1366 1375 1370
f 1366 1370 1374
f 1366 1374 1373
f 1367 1369 1376
f 1368 1376 1369

o geometry_43
v 3.14103583 -0.47157332 3.40223493 0.28627451 0.61568627 0.42745098
v 3.13029903 -0.46198690 3.56829336 0.28627451 0.61568627 0.42745098
v 2.83324819 -0.46398415 3.79918744 0.28627451 0.61568627 0.42745098
v 2.15969435 -0.47157332 4.12138043 0.28627451 0.61568627 0.42745098
v 4.49780630 -0.46438351 -1.43396741 0.28627451 0.61568627 0.42745098
v 4.69214154 -0.46478286 -0.67843478 0.28627451 0.61568627 0.42745098
v 4.70287859 -0.46358455 0.64738585 0.28627451 0.61568627 0.42745098
v 4.20504998 -0.46518221 2.13264905 0.28627451 0.61568627 0.42745098
v 3.92052554 -0.46558181 2.62619312 0.28627451 0.61568627 0.42745098
v 3.48318090 -0.46638076 3.15215502 0.28627451 0.61568627 0.42745098
v 5.40971610 -0.00901990 4.61624736 0.28627451 0.61568627 0.42745098
v 2.35224050 -0.46358455 4.11145656 0.28627451 0.61568627 0.42745098
v 1.84224391 -0.46518221 4.32382599 0.28627451 0.61568627 0.42745098
v 3.76448433 -0.44920467 -1.58613242 0.28627451 0.61568627 0.42745098
v 5.41114777 -0.07133265 -1.58613242 0.28627451 0.61568627 0.42745098
v 4.73007840 -0.46278560 -0.29405271 0.28627451 0.61568627 0.42745098
v 4.57117409 -0.46318495 1.29375661 0.28627451 0.61568627 0.42745098
v 4.74797282 -0.45519643 0.13134783 0.28627451 0.61568627 0.42745098
v 4.44090126 -0.46318495 1.68144668 0.28627451 0.61568627 0.42745098
v 5.41114777 3.60912421 4.74062576 0.28627451 0.61568627 0.42745098
v 4.77553055 0.07965602 5.17264231 0.28627451 0.61568627 0.42745098
v 1.75813919 -0.01501116 5.17198088 0.28627451 0.61568627 0.42745098
v 1.75599180 -0.41245588 3.62717444 0.28627451 0.61568627 0.42745098
v 3.48318090 -0.17518740 -1.58613242 0.28627451 0.61568627 0.42745098
v 5.41114777 3.60912421 -1.58613242 0.28627451 0.61568627 0.42745098
v 4.84066721 3.60912421 5.17264231 0.28627451 0.61568627 0.42745098
v 1.75491817 3.60912421 5.17264231 0.28627451 0.61568627 0.42745098
v 1.75491817 -0.07732441 3.25800877 0.28627451 0.61568627 0.42745098
v 3.44739155 2.94684980 -1.58613242 0.28627451 0.61568627 0.42745098
v 3.55189625 3.60912421 -1.58613242 0.28627451 0.61568627 0.42745098
v 1.75563388 3.60912421 3.50478081 0.28627451 0.61568627 0.42745098
v 1.75491817 3.06268808 3.23948437 0.28627451 0.61568627 0.42745098
f 1377 1378 1379
f 1377 1379 1380
f 1377 1380 1381
f 1377 1381 1382
f 1377 1382 1383
f 1377 1383 1384
f 1377 1384 1385
f 1377 1385 1386
f 1377 1386 1378
f 1378 1386 1387
f 1378 1387 1379
f 1379 1388 1380
f 1379 1387 1388
f 1380 1388 1389
f 1380 1389 1390
f 1380 1390 1381
f 1381 1390 1391
f 1381 1391 1382
f 1382 1391 1392
f 1382 1392 1383
f 1383 1393 1384
f 1383 1392 1394
f 1383 1394 1387
f 1383 1387 1393
f 1384 1393 1395
f 1384 1395 1387
f 1384 1387 1385
f 1385 1387 1386
f 1387 1396 1397
f 1387 1397 1389
f 1387 1389 1388
f 1387 1395 1393
f 1387 1394 1391
f 1387 1391 1396
f 1389 1397 1398
f 1389 1398 1399
f 1389 1399 1390
f 1390 1400 1405
f 1390 1405 1406
f 1390 1406 1401
f 1390 1401 1391
f 1390 1399 1400
f 1391 1394 1392
f 1391 1401 1396
f 1396 1402 1397
f 1396 1401 1406
f 1396 1406 1407
f 1396 1407 1403
f 1396 1403 1402
f 1397 1402 1403
f 1397 1403 1398
f 1398 1403 1404
f 1398 1404 1399
f 1399 1404 1400
f 1400 1404 1405
f 1403 1407 1408
f 1403 1408 1404
f 1404 1408 1405
f 1405 1408 1406
f 1406 1408 1407

o geometry_44
v 1.75491755 3.62874783 1.82569205 0.13333333 0.29803922 0.56862745
v -1.58027556 3.62874783 1.82569205 0.13333333 0.29803922 0.56862745
v 0.02986269 3.62781285 1.82569205 0.13333333 0.29803922 0.56862745
v -0.26101995 -0.47938164 1.54184638 0.13333333 0.29803922 0.56862745
v 0.26655171 -0.47938164 1.53884101 0.13333333 0.29803922 0.56862745
v 0.80783503 -0.47938164 1.33413824 0.13333333 0.29803922 0.56862745
v 1.25248392 -0.47938164 0.93775605 0.13333333 0.29803922 0.56862745
v 1.47709372 -0.47938164 0.49729438 0.13333333 0.29803922 0.56862745
v 1.53879608 -0.47938164 -0.23703105 0.13333333 0.29803922 0.56862745
v 1.75491755 3.62687837 0.19608402 0.13333333 0.29803922 0.56862745
v 1.75491755 3.62874783 -1.58579884 0.13333333 0.29803922 0.56862745
v 1.69811222 9.06729758 1.68944618 0.13333333 0.29803922 0.56862745
v -1.46764432 9.07103750 1.77059258 0.13333333 0.29803922 0.56862745
v -1.58027556 9.07197298 -1.58579884 0.13333333 0.29803922 0.56862745
v -1.58027556 3.43615027 -0.01195815 0.13333333 0.29803922 0.56862745
v -1.56460515 -0.47938164 0.06017205 0.13333333 0.29803922 0.56862745
v -1.51269687 -0.47938164 0.41180673 0.13333333 0.29803922 0.56862745
v -1.36676573 -0.47938164 0.76310751 0.13333333 0.29803922 0.56862745
v -1.08175957 -0.47938164 1.13177293 0.13333333 0.29803922 0.56862745
v -0.75202727 -0.47938164 1.37254085 0.13333333 0.29803922 0.56862745
v 1.36087118 -0.47938164 -0.77233059 0.13333333 0.29803922 0.56862745
v 1.75491755 3.62687837 -0.19595691 0.13333333 0.29803922 0.56862745
v 0.00048060 3.45297892 -1.58579884 0.13333333 0.29803922 0.56862745
v 1.69517400 9.07103750 -1.56542881 0.13333333 0.29803922 0.56862745
v 1.04387113 -0.47938164 -1.15936248 0.13333333 0.29803922 0.56862745
v 0.59399872 -0.47938164 -1.44921901 0.13333333 0.29803922 0.56862745
v 0.09515621 -0.47938164 -1.55774829 0.13333333 0.29803922 0.56862745
v -1.58027556 3.62874783 -1.58579884 0.13333333 0.29803922 0.56862745
v -1.47711181 -0.47938164 -0.49750120 0.13333333 0.29803922 0.56862745
v -0.53786450 -0.47938164 -1.46691762 0.13333333 0.29803922 0.56862745
v -0.93778731 -0.47938164 -1.25520213 0.13333333 0.29803922 0.56862745
v -1.25250214 -0.47938164 -0.93796284 0.13333333 0.29803922 0.56862745
f 1409 1410 1411
f 1409 1411 1412
f 1409 1412 1413
f 1409 1413 1414
f 1409 1414 1415
f 1409 1415 1416
f 1409 1416 1417
f 1409 1417 1418
f 1409 1418 1430
f 1409 1430 1419
f 1409 1419 1420
f 1409 1420 1421
f 1409 1421 1410
f 1410 1421 1422
f 1410 1422 1436
f 1410 1436 1423
f 1410 1423 1424
f 1410 1424 1425
f 1410 1425 1426
f 1410 1426 1427
f 1410 1427 1428
f 1410 1428 1412
f 1410 1412 1411
f 1412 1428 1427
f 1412 1427 1426
f 1412 1426 1425
f 1412 1425 1424
f 1412 1424 1437
f 1412 1437 1440
f 1412 1440 1439
f 1412 1439 1438
f 1412 1438 1435
f 1412 1435 1434
f 1412 1434 1433
f 1412 1433 1429
f 1412 1429 1417
f 1412 1417 1416
f 1412 1416 1415
f 1412 1415 1414
f 1412 1414 1413
f 1417 1429 1419
f 1417 1419 1430
f 1417 1430 1418
f 1419 1431 1436
f 1419 1436 1422
f 1419 1422 1432
f 1419 1432 1420
f 1419 1429 1433
f 1419 1433 1434
f 1419 1434 1435
f 1419 1435 1431
f 1420 1432 1421
f 1421 1432 1422
f 1423 1436 1424
f 1424 1436 1437
f 1431 1435 1436
f 1435 1438 1436
f 1436 1438 1439
f 1436 1439 1440
f 1436 1440 1437

o geometry_45
v -0.00050917 7.08641519 -5.17101495 0.58823529 0.57254902 0.65098039
v 4.44766128 7.02605526 -5.17101495 0.58823529 0.57254902 0.65098039
v 5.41150569 7.06957056 -7.05141511 0.58823529 0.57254902 0.65098039
v 5.41150569 7.07167614 -7.73990592 0.58823529 0.57254902 0.65098039
v -5.82814722 7.06957056 -7.72808763 0.58823529 0.57254902 0.65098039
v -4.31719527 7.07027242 -5.17101495 0.58823529 0.57254902 0.65098039
v 4.80422792 6.68775794 -5.17101495 0.58823529 0.57254902 0.65098039
v 5.41150569 6.89200008 -6.72225694 0.58823529 0.57254902 0.65098039
v 5.41150569 0.12816570 -7.73990592 0.58823529 0.57254902 0.65098039
v -5.97188816 0.12816570 -7.73990592 0.58823529 0.57254902 0.65098039
v -5.97188816 7.04991849 -6.92618908 0.58823529 0.57254902 0.65098039
v -4.66261951 6.90744099 -5.17101495 0.58823529 0.57254902 0.65098039
v 4.77414280 0.06780577 -5.17101495 0.58823529 0.57254902 0.65098039
v 5.41150569 0.07412251 -6.61563917 0.58823529 0.57254902 0.65098039
v 5.41150569 6.61055338 -6.57565714 0.58823529 0.57254902 0.65098039
v 5.40482005 -0.06905710 -6.96692539 0.58823529 0.57254902 0.65098039
v 5.13070944 -0.06554780 -7.26590809 0.58823529 0.57254902 0.65098039
v 4.75074282 -0.06484594 -7.51585697 0.58823529 0.57254902 0.65098039
v 4.29612051 -0.06975896 -7.71149109 0.58823529 0.57254902 0.65098039
v -4.12108392 -0.07186453 -7.73990592 0.58823529 0.57254902 0.65098039
v -5.52172261 -0.06975896 -6.83767590 0.58823529 0.57254902 0.65098039
v -5.96185996 0.14290475 -6.59703091 0.58823529 0.57254902 0.65098039
v -5.97188816 4.32108340 -6.55252323 0.58823529 0.57254902 0.65098039
v -4.46205090 -0.06695152 -7.68005916 0.58823529 0.57254902 0.65098039
v -4.75176117 -0.06484594 -7.51585697 0.58823529 0.57254902 0.65098039
v -5.13061360 -0.06554780 -7.26590809 0.58823529 0.57254902 0.65098039
v -5.97188816 6.87024143 -6.67875462 0.58823529 0.57254902 0.65098039
v -4.83867445 6.61827384 -5.17101495 0.58823529 0.57254902 0.65098039
v -0.00162346 -0.08379615 -5.17101495 0.58823529 0.57254902 0.65098039
v -4.70830478 -0.05502015 -5.17101495 0.58823529 0.57254902 0.65098039
v -4.84090333 0.20045774 -5.17101495 0.58823529 0.57254902 0.65098039
v -5.97188816 6.61055338 -6.55352909 0.58823529 0.57254902 0.65098039
f 1441 1442 1443
f 1441 1443 1444
f 1441 1444 1445
f 1441 1445 1446
f 1441 1446 1452
f 1441 1452 1468
f 1441 1468 1471
f 1441 1471 1470
f 1441 1470 1469
f 1441 1469 1453
f 1441 1453 1447
f 1441 1447 1442
f 1442 1447 1443
f 1443 1448 1455
f 1443 1455 1454
f 1443 1454 1449
f 1443 1449 1444
f 1443 1447 1448
f 1444 1449 1460
f 1444 1460 1450
f 1444 1450 1445
f 1445 1450 1451
f 1445 1451 1446
f 1446 1451 1452
f 1447 1453 1454
f 1447 1454 1455
f 1447 1455 1448
f 1449 1454 1456
f 1449 1456 1457
f 1449 1457 1458
f 1449 1458 1459
f 1449 1459 1460
f 1450 1461 1462
f 1450 1462 1463
f 1450 1463 1472
f 1450 1472 1467
f 1450 1467 1451
f 1450 1460 1464
f 1450 1464 1465
f 1450 1465 1466
f 1450 1466 1461
f 1451 1467 1452
f 1452 1467 1468
f 1453 1469 1456
f 1453 1456 1454
f 1456 1469 1459
f 1456 1459 1457
f 1457 1459 1458
f 1459 1469 1460
f 1460 1469 1461
f 1460 1461 1466
f 1460 1466 1464
f 1461 1469 1470
f 1461 1470 1462
f 1462 1470 1471
f 1462 1471 1463
f 1463 1471 1468
f 1463 1468 1472
f 1464 1466 1465
f 1467 1472 1468

o geometry_46
v 3.04145114 7.07057393 -9.17446300 0.65098039 0.43137255 0.89411765
v 5.28336490 7.01955383 -8.19848081 0.65098039 0.43137255 0.89411765
v 3.55624444 7.05380018 -9.09274578 0.65098039 0.43137255 0.89411765
v 5.41150569 5.17095050 -9.17446300 0.65098039 0.43137255 0.89411765
v -5.97188816 5.17095050 -9.17446300 0.65098039 0.43137255 0.89411765
v -3.24303835 7.06707960 -9.14820667 0.65098039 0.43137255 0.89411765
v -5.74569120 7.02654247 -7.93324777 0.65098039 0.43137255 0.89411765
v 5.41150569 0.12905126 -7.74018547 0.65098039 0.43137255 0.89411765
v 4.92234100 6.99579144 -8.52970563 0.65098039 0.43137255 0.89411765
v 4.57580257 6.96923259 -8.75576432 0.65098039 0.43137255 0.89411765
v 4.20474997 6.93498623 -9.00878121 0.65098039 0.43137255 0.89411765
v 5.38030639 0.12975062 -9.15915887 0.65098039 0.43137255 0.89411765
v -5.97188816 1.02085373 -9.17446300 0.65098039 0.43137255 0.89411765
v -5.97188816 0.12905126 -7.74018547 0.65098039 0.43137255 0.89411765
v -5.19746996 7.00208122 -8.37048134 0.65098039 0.43137255 0.89411765
v -4.67264821 7.01675837 -8.63613570 0.65098039 0.43137255 0.89411765
v -3.85477313 7.01326305 -9.05764282 0.65098039 0.43137255 0.89411765
v 4.07660918 -0.06734088 -7.87554004 0.65098039 0.43137255 0.89411765
v 3.50721635 -0.06594316 -8.17770008 0.65098039 0.43137255 0.89411765
v 2.79519726 -0.06664202 -8.43001461 0.65098039 0.43137255 0.89411765
v 2.11326329 -0.06873861 -8.59752244 0.65098039 0.43137255 0.89411765
v 1.47144302 -0.06943773 -8.72866535 0.65098039 0.43137255 0.89411765
v 0.56331202 0.02491447 -9.03784598 0.65098039 0.43137255 0.89411765
v -0.56321612 0.02491447 -9.03784598 0.65098039 0.43137255 0.89411765
v -5.46155187 0.13534154 -9.15438463 0.65098039 0.43137255 0.89411765
v -5.89500359 0.14792210 -8.90684384 0.65098039 0.43137255 0.89411765
v -4.06425600 -0.06734088 -7.87554004 0.65098039 0.43137255 0.89411765
v -1.47134705 -0.06943773 -8.72866535 0.65098039 0.43137255 0.89411765
v -2.11316745 -0.06873861 -8.59752244 0.65098039 0.43137255 0.89411765
v -2.60010376 -0.06664202 -8.49516475 0.65098039 0.43137255 0.89411765
v -2.98898439 -0.06664202 -8.36486547 0.65098039 0.43137255 0.89411765
v -3.50712050 -0.06594316 -8.17770008 0.65098039 0.43137255 0.89411765
f 1473 1474 1475
f 1473 1475 1476
f 1473 1476 1485
f 1473 1485 1477
f 1473 1477 1478
f 1473 1478 1479
f 1473 1479 1474
f 1474 1480 1476
f 1474 1476 1481
f 1474 1481 1475
f 1474 1479 1480
f 1475 1481 1482
f 1475 1482 1483
f 1475 1483 1476
f 1476 1480 1484
f 1476 1484 1485
f 1476 1483 1481
f 1477 1485 1486
f 1477 1486 1479
f 1477 1479 1487
f 1477 1487 1488
f 1477 1488 1489
f 1477 1489 1478
f 1478 1489 1488
f 1478 1488 1479
f 1479 1488 1487
f 1479 1486 1480
f 1480 1486 1499
f 1480 1499 1490
f 1480 1490 1484
f 1481 1483 1482
f 1484 1490 1491
f 1484 1491 1492
f 1484 1492 1493
f 1484 1493 1494
f 1484 1494 1495
f 1484 1495 1496
f 1484 1496 1497
f 1484 1497 1485
f 1485 1497 1498
f 1485 1498 1486
f 1486 1498 1499
f 1490 1494 1493
f 1490 1493 1492
f 1490 1492 1491
f 1490 1499 1500
f 1490 1500 1494
f 1494 1500 1496
f 1494 1496 1495
f 1496 1500 1497
f 1497 1500 1501
f 1497 1501 1502
f 1497 1502 1503
f 1497 1503 1504
f 1497 1504 1499
f 1497 1499 1498
f 1499 1504 1503
f 1499 1503 1501
f 1499 1501 1500
f 1501 1503 1502

o geometry_47
v -0.00147820 7.08587706 5.17264231 0.36470588 0.43529412 0.89019608
v 0.13074119 8.24644832 5.06388402 0.36470588 0.43529412 0.89019608
v -1.54436416 7.05326705 5.17198737 0.36470588 0.43529412 0.89019608
v -1.58027556 3.61004272 5.17264231 0.36470588 0.43529412 0.89019608
v 1.75491755 7.07144351 5.17264231 0.36470588 0.43529412 0.89019608
v -0.39225995 8.28226513 5.03472839 0.36470588 0.43529412 0.89019608
v 0.82872895 8.38757701 4.93514270 0.36470588 0.43529412 0.89019608
v 0.52315527 8.41751337 4.92007369 0.36470588 0.43529412 0.89019608
v 0.13074119 8.50518492 4.85979763 0.36470588 0.43529412 0.89019608
v -0.82874717 8.38757701 4.93514270 0.36470588 0.43529412 0.89019608
v -1.44185335 8.38437022 4.77167731 0.36470588 0.43529412 0.89019608
v -1.54240534 8.56291911 4.51452264 0.36470588 0.43529412 0.89019608
v -1.58027556 3.62875232 1.82602601 0.36470588 0.43529412 0.89019608
v -1.58027556 3.61004272 3.55273065 0.36470588 0.43529412 0.89019608
v 1.75491755 3.61004272 5.17264231 0.36470588 0.43529412 0.89019608
v 1.75491755 3.62875232 1.82602601 0.36470588 0.43529412 0.89019608
v 1.65860966 9.05740565 1.85321570 0.36470588 0.43529412 0.89019608
v 1.70529455 8.38223170 4.70779810 0.36470588 0.43529412 0.89019608
v -0.39225995 8.51106536 4.84472911 0.36470588 0.43529412 0.89019608
v 1.35205651 8.41377145 4.78412558 0.36470588 0.43529412 0.89019608
v 0.97955701 8.53672467 4.71664273 0.36470588 0.43529412 0.89019608
v -0.97957523 8.53672467 4.71664273 0.36470588 0.43529412 0.89019608
v -0.39225995 9.06542362 2.42124937 0.36470588 0.43529412 0.89019608
v -0.88294080 9.06435436 2.29021503 0.36470588 0.43529412 0.89019608
v -1.21006135 9.06756215 2.09399111 0.36470588 0.43529412 0.89019608
v -1.44870921 9.06328610 1.94526726 0.36470588 0.43529412 0.89019608
v 1.75491755 3.61004272 3.46821347 0.36470588 0.43529412 0.89019608
v 1.36707410 9.06702802 1.96164652 0.36470588 0.43529412 0.89019608
v 0.88292258 9.06435436 2.29021503 0.36470588 0.43529412 0.89019608
v 1.61486299 8.56131572 4.48503955 0.36470588 0.43529412 0.89019608
v 0.13074119 9.07076994 2.42124937 0.36470588 0.43529412 0.89019608
v 0.52315527 9.06114757 2.42124937 0.36470588 0.43529412 0.89019608
f 1505 1506 1507
f 1505 1507 1508
f 1505 1508 1519
f 1505 1519 1509
f 1505 1509 1506
f 1506 1510 1507
f 1506 1509 1511
f 1506 1511 1512
f 1506 1512 1513
f 1506 1513 1510
f 1507 1510 1514
f 1507 1514 1515
f 1507 1515 1516
f 1507 1516 1508
f 1508 1516 1517
f 1508 1517 1518
f 1508 1518 1531
f 1508 1531 1519
f 1509 1519 1531
f 1509 1531 1520
f 1509 1520 1521
f 1509 1521 1522
f 1509 1522 1511
f 1510 1513 1523
f 1510 1523 1514
f 1511 1522 1524
f 1511 1524 1525
f 1511 1525 1513
f 1511 1513 1512
f 1513 1525 1523
f 1514 1523 1526
f 1514 1526 1515
f 1515 1526 1516
f 1516 1526 1527
f 1516 1527 1528
f 1516 1528 1529
f 1516 1529 1530
f 1516 1530 1517
f 1517 1520 1531
f 1517 1531 1518
f 1517 1530 1521
f 1517 1521 1520
f 1521 1530 1532
f 1521 1532 1533
f 1521 1533 1534
f 1521 1534 1522
f 1522 1534 1524
f 1523 1525 1535
f 1523 1535 1526
f 1524 1534 1525
f 1525 1534 1536
f 1525 1536 1535
f 1526 1535 1527
f 1527 1535 1529
f 1527 1529 1528
f 1529 1535 1532
f 1529 1532 1530
f 1532 1535 1533
f 1533 1536 1534
f 1533 1535 1536

o geometry_48
v -1.58027556 -0.46398316 4.44725644 0.80392157 0.70196078 0.09803922
v -1.17741452 -0.46917647 4.53472132 0.80392157 0.70196078 0.09803922
v -1.38733331 -0.45639299 4.57997429 0.80392157 0.70196078 0.09803922
v -1.58027556 -0.07129496 5.17264231 0.80392157 0.70196078 0.09803922
v -1.58027556 -0.44920242 3.76655372 0.80392157 0.70196078 0.09803922
v 1.50484338 -0.47157332 4.38374963 0.80392157 0.70196078 0.09803922
v 1.17739642 -0.46917647 4.53472132 0.80392157 0.70196078 0.09803922
v 0.65406881 -0.46638001 4.68436168 0.80392157 0.70196078 0.09803922
v -0.35961319 -0.46278460 4.72942496 0.80392157 0.70196078 0.09803922
v -0.75920953 -0.46118670 4.69748136 0.80392157 0.70196078 0.09803922
v 1.75491755 -0.46438251 3.76503269 0.80392157 0.70196078 0.09803922
v 0.00048060 -0.40645812 4.82468518 0.80392157 0.70196078 0.09803922
v 0.00243941 -0.08327924 5.17264231 0.80392157 0.70196078 0.09803922
v -1.58027556 3.60950759 5.17264231 0.80392157 0.70196078 0.09803922
v -0.35961319 -0.40765668 4.81574870 0.80392157 0.70196078 0.09803922
v -1.58027556 -0.29100871 3.52298373 0.80392157 0.70196078 0.09803922
v 1.75491755 -0.32696179 3.45434326 0.80392157 0.70196078 0.09803922
v 1.72325025 -0.46757831 4.33887654 0.80392157 0.70196078 0.09803922
v 1.38731509 -0.45639299 4.57997429 0.80392157 0.70196078 0.09803922
v 0.86431394 -0.45599364 4.71079124 0.80392157 0.70196078 0.09803922
v 0.35959500 -0.46278460 4.72942496 0.80392157 0.70196078 0.09803922
v 0.26132823 -0.41125184 4.81745992 0.80392157 0.70196078 0.09803922
v 1.75491755 3.60950759 5.17264231 0.80392157 0.70196078 0.09803922
v 1.69713281 -0.04333115 5.17245211 0.80392157 0.70196078 0.09803922
v -1.58027556 3.60950759 3.55283573 0.80392157 0.70196078 0.09803922
v -1.58027556 -0.08008343 3.46118814 0.80392157 0.70196078 0.09803922
v 1.75491755 -0.07808618 3.25944918 0.80392157 0.70196078 0.09803922
v 1.75491755 3.60950759 3.46784307 0.80392157 0.70196078 0.09803922
v 1.75491755 3.06262019 3.24081546 0.80392157 0.70196078 0.09803922
v -1.58027556 2.93878191 3.45757551 0.80392157 0.70196078 0.09803922
v 1.75491755 0.52672561 3.23016751 0.80392157 0.70196078 0.09803922
v 1.75491755 1.44273175 3.23016751 0.80392157 0.70196078 0.09803922
f 1537 1538 1539
f 1537 1539 1540
f 1537 1540 1550
f 1537 1550 1561
f 1537 1561 1566
f 1537 1566 1562
f 1537 1562 1552
f 1537 1552 1541
f 1537 1541 1538
f 1538 1542 1543
f 1538 1543 1544
f 1538 1544 1545
f 1538 1545 1546
f 1538 1546 1539
f 1538 1541 1547
f 1538 1547 1542
f 1539 1546 1540
f 1540 1548 1549
f 1540 1549 1559
f 1540 1559 1550
f 1540 1546 1551
f 1540 1551 1548
f 1541 1552 1553
f 1541 1553 1547
f 1542 1547 1554
f 1542 1554 1543
f 1543 1554 1555
f 1543 1555 1544
f 1544 1555 1556
f 1544 1556 1557
f 1544 1557 1545
f 1545 1557 1558
f 1545 1558 1548
f 1545 1548 1551
f 1545 1551 1546
f 1547 1553 1563
f 1547 1563 1567
f 1547 1567 1568
f 1547 1568 1565
f 1547 1565 1564
f 1547 1564 1559
f 1547 1559 1560
f 1547 1560 1554
f 1548 1558 1549
f 1549 1558 1560
f 1549 1560 1559
f 1550 1559 1564
f 1550 1564 1561
f 1552 1562 1563
f 1552 1563 1553
f 1554 1560 1555
f 1555 1560 1556
f 1556 1558 1557
f 1556 1560 1558
f 1561 1564 1565
f 1561 1565 1566
f 1562 1566 1567
f 1562 1567 1563
f 1565 1568 1566
f 1566 1568 1567

o geometry_49
v -0.64502344 3.61193165 -3.81264782 0.91764706 0.71372549 0.99607843
v -0.64502344 2.95759584 -3.77545151 0.91764706 0.71372549 0.99607843
v -0.64502344 -0.47157332 -4.51411431 0.91764706 0.71372549 0.99607843
v -0.64886246 3.61193165 -5.17066402 0.91764706 0.71372549 0.99607843
v -3.54350114 3.61193165 -1.58613279 0.91764706 0.71372549 0.99607843
v -3.37330344 2.98797398 -1.62578549 0.91764706 0.71372549 0.99607843
v -0.64502344 -0.07785255 -3.77685523 0.91764706 0.71372549 0.99607843
v -0.64502344 -0.46198016 -4.05266933 0.91764706 0.71372549 0.99607843
v -3.78664058 -0.46397866 -1.58613279 0.91764706 0.71372549 0.99607843
v -4.42648119 -0.46717647 -1.61104731 0.91764706 0.71372549 0.99607843
v -4.18270180 -0.46757632 -2.12933917 0.91764706 0.71372549 0.99607843
v -3.86086198 -0.46797567 -2.68272202 0.91764706 0.71372549 0.99607843
v -3.66315123 -0.46797567 -2.94309620 0.91764706 0.71372549 0.99607843
v -3.12504531 -0.46717647 -3.50068995 0.91764706 0.71372549 0.99607843
v -2.81024382 -0.46637702 -3.79159328 0.91764706 0.71372549 0.99607843
v -2.49608228 -0.46557757 -4.01161304 0.91764706 0.71372549 0.99607843
v -1.20360434 -0.46717647 -4.54288855 0.91764706 0.71372549 0.99607843
v -0.74227917 -0.44838974 -4.72641385 0.91764706 0.71372549 0.99607843
v -0.68341381 -0.07265600 -5.17031309 0.91764706 0.71372549 0.99607843
v -7.15668057 -0.07025789 -5.17101495 0.91764706 0.71372549 0.99607843
v -7.18163452 3.61193165 -5.17101495 0.91764706 0.71372549 0.99607843
v -7.18163452 3.61193165 -1.58613279 0.91764706 0.71372549 0.99607843
v -3.57037448 -0.35205802 -1.58613279 0.91764706 0.71372549 0.99607843
v -3.37522307 -0.04427611 -1.62578549 0.91764706 0.71372549 0.99607843
v -0.64502344 -0.36524858 -3.86809149 0.91764706 0.71372549 0.99607843
v -7.18163452 -0.07145695 -1.58613279 0.91764706 0.71372549 0.99607843
v -7.18163452 -0.07105710 -4.97240067 0.91764706 0.71372549 0.99607843
v -4.03937767 -0.46717647 -2.42094436 0.91764706 0.71372549 0.99607843
v -3.40401603 -0.46637702 -3.24031602 0.91764706 0.71372549 0.99607843
v -2.20879357 -0.46158056 -4.21198172 0.91764706 0.71372549 0.99607843
v -2.01940093 -0.46237976 -4.29584895 0.91764706 0.71372549 0.99607843
v -1.68156523 -0.46317921 -4.44112490 0.91764706 0.71372549 0.99607843
f 1569 1570 1575
f 1569 1575 1593
f 1569 1593 1576
f 1569 1576 1571
f 1569 1571 1572
f 1569 1572 1589
f 1569 1589 1590
f 1569 1590 1573
f 1569 1573 1574
f 1569 1574 1570
f 1570 1574 1575
f 1571 1576 1577
f 1571 1577 1578
f 1571 1578 1579
f 1571 1579 1580
f 1571 1580 1581
f 1571 1581 1582
f 1571 1582 1583
f 1571 1583 1584
f 1571 1584 1585
f 1571 1585 1586
f 1571 1586 1587
f 1571 1587 1572
f 1572 1587 1588
f 1572 1588 1589
f 1573 1590 1594
f 1573 1594 1577
f 1573 1577 1591
f 1573 1591 1592
f 1573 1592 1574
f 1574 1592 1575
f 1575 1592 1593
f 1576 1593 1577
f 1577 1594 1578
f 1577 1593 1591
f 1578 1594 1595
f 1578 1595 1588
f 1578 1588 1579
f 1579 1596 1580
f 1579 1588 1596
f 1580 1596 1588
f 1580 1588 1581
f 1581 1588 1597
f 1581 1597 1582
f 1582 1597 1588
f 1582 1588 1583
f 1583 1588 1584
f 1584 1598 1599
f 1584 1599 1600
f 1584 1600 1585
f 1584 1588 1598
f 1585 1600 1588
f 1585 1588 1586
f 1586 1588 1587
f 1588 1595 1589
f 1588 1600 1599
f 1588 1599 1598
f 1589 1595 1594
f 1589 1594 1590
f 1591 1593 1592

o geometry_50
v -7.18163452 3.61193315 -5.17101495 0.14901961 0.86666667 0.16078431
v -7.18163452 3.61193315 -1.58613279 0.14901961 0.86666667 0.16078431
v -7.18163452 7.07147646 -5.17101495 0.14901961 0.86666667 0.16078431
v -0.64502344 4.00815036 -5.17101495 0.14901961 0.86666667 0.16078431
v -0.64886246 3.61193315 -5.17066402 0.14901961 0.86666667 0.16078431
v -7.18163452 7.07147646 -1.58613279 0.14901961 0.86666667 0.16078431
v -3.54350114 3.61193315 -1.58613279 0.14901961 0.86666667 0.16078431
v -4.87756875 7.10706064 -1.58613279 0.14901961 0.86666667 0.16078431
v -4.77071537 7.10706064 -1.89598509 0.14901961 0.86666667 0.16078431
v -4.64594660 7.10706064 -2.16829013 0.14901961 0.86666667 0.16078431
v -4.58644129 7.10706064 -2.29040647 0.14901961 0.86666667 0.16078431
v -4.37977259 7.10706064 -2.67149301 0.14901961 0.86666667 0.16078431
v -4.23964777 7.10706064 -2.92239259 0.14901961 0.86666667 0.16078431
v -3.75528827 7.10706064 -3.49718091 0.14901961 0.86666667 0.16078431
v -3.63179917 7.10706064 -3.62982438 0.14901961 0.86666667 0.16078431
v -3.47631780 7.10706064 -3.77229339 0.14901961 0.86666667 0.16078431
v -2.93437288 7.10706064 -4.23268558 0.14901961 0.86666667 0.16078431
v -2.67843673 7.10706064 -4.37620688 0.14901961 0.86666667 0.16078431
v -2.29005354 7.10706064 -4.58815600 0.14901961 0.86666667 0.16078431
v -2.16912353 7.10706064 -4.64816100 0.14901961 0.86666667 0.16078431
v -1.89847105 7.10706064 -4.76992665 0.14901961 0.86666667 0.16078431
v -1.51520654 7.10706064 -4.90993915 0.14901961 0.86666667 0.16078431
v -1.10634837 7.10706064 -5.02503714 0.14901961 0.86666667 0.16078431
v -0.98157959 7.10706064 -5.05486418 0.14901961 0.86666667 0.16078431
v -0.85105218 7.10706064 -5.06504064 0.14901961 0.86666667 0.16078431
v -0.71988481 7.10706064 -5.06995316 0.14901961 0.86666667 0.16078431
v -0.64502344 7.10706064 -5.07205874 0.14901961 0.86666667 0.16078431
v -0.64502344 7.07387157 -5.16996216 0.14901961 0.86666667 0.16078431
v -0.71924485 7.07318668 -5.17101495 0.14901961 0.86666667 0.16078431
v -0.64502344 3.61193315 -3.81264782 0.14901961 0.86666667 0.16078431
v -0.64502344 3.61911847 -1.58613279 0.14901961 0.86666667 0.16078431
v -0.64502344 7.10706064 -1.58613279 0.14901961 0.86666667 0.16078431
f 1601 1602 1606
f 1601 1606 1603
f 1601 1603 1629
f 1601 1629 1604
f 1601 1604 1605
f 1601 1605 1630
f 1601 1630 1607
f 1601 1607 1602
f 1602 1607 1631
f 1602 1631 1632
f 1602 1632 1608
f 1602 1608 1606
f 1603 1606 1608
f 1603 1608 1609
f 1603 1609 1610
f 1603 1610 1611
f 1603 1611 1612
f 1603 1612 1613
f 1603 1613 1614
f 1603 1614 1615
f 1603 1615 1616
f 1603 1616 1617
f 1603 1617 1618
f 1603 1618 1619
f 1603 1619 1620
f 1603 1620 1621
f 1603 1621 1622
f 1603 1622 1623
f 1603 1623 1624
f 1603 1624 1625
f 1603 1625 1626
f 1603 1626 1627
f 1603 1627 1628
f 1603 1628 1629
f 1604 1628 1627
f 1604 1627 1632
f 1604 1632 1631
f 1604 1631 1630
f 1604 1630 1605
f 1604 1629 1628
f 1607 1630 1631
f 1608 1632 1627
f 1608 1627 1626
f 1608 1626 1625
f 1608 1625 1624
f 1608 1624 1623
f 1608 1623 1622
f 1608 1622 1621
f 1608 1621 1620
f 1608 1620 1619
f 1608 1619 1618
f 1608 1618 1617
f 1608 1617 1616
f 1608 1616 1615
f 1608 1615 1614
f 1608 1614 1613
f 1608 1613 1612
f 1608 1612 1611
f 1608 1611 1610
f 1608 1610 1609

